,A,B,G
0,NC(=[NH2+])c1ccc(cc1)C(c1ccc(cc1)C(N)=[NH2+])(c1ccc(cc1)C(N)=[NH2+])c1ccc(cc1)C(N)=[NH2+],O=S(=O)([O-])c1ccc(cc1)C(c1ccc(cc1)S(=O)(=O)[O-])(c1ccc(cc1)S(=O)(=O)[O-])c1ccc(cc1)S(=O)(=O)[O-],O
1,NC(=[NH2+])c1ccc(cc1)C(c1ccc(cc1)C(N)=[NH2+])(c1ccc(cc1)C(N)=[NH2+])c1ccc(cc1)C(N)=[NH2+],O=S(=O)([O-])c1ccc(cc1)C(c1ccc(cc1)S(=O)(=O)[O-])(c1ccc(cc1)S(=O)(=O)[O-])c1ccc(cc1)S(=O)(=O)[O-],O
2,NC(=[NH2+])c1ccc(cc1)C(c1ccc(cc1)C(N)=[NH2+])(c1ccc(cc1)C(N)=[NH2+])c1ccc(cc1)C(N)=[NH2+],O=S(=O)([O-])c1ccc(cc1)C(c1ccc(cc1)S(=O)(=O)[O-])(c1ccc(cc1)S(=O)(=O)[O-])c1ccc(cc1)S(=O)(=O)[O-],O
3,NC(=[NH2+])c1ccc(cc1)C(c1ccc(cc1)C(N)=[NH2+])(c1ccc(cc1)C(N)=[NH2+])c1ccc(cc1)C(N)=[NH2+],O=S(=O)([O-])c1ccc(cc1)C(c1ccc(cc1)S(=O)(=O)[O-])(c1ccc(cc1)S(=O)(=O)[O-])c1ccc(cc1)S(=O)(=O)[O-],O
4,N[n+]1ccc(cc1)c1cc[n+](N)cc1,O=S(=O)([O-])c1ccc(cc1)C(c1ccc(cc1)S(=O)(=O)[O-])(c1ccc(cc1)S(=O)(=O)[O-])c1ccc(cc1)S(=O)(=O)[O-],O
5,N[n+]1ccc(cc1)c1cc[n+](N)cc1,O=S(=O)([O-])c1ccc(cc1)C(c1ccc(cc1)S(=O)(=O)[O-])=C(c1ccc(cc1)S(=O)(=O)[O-])c1ccc(cc1)S(=O)(=O)[O-],O
6,[NH2+](C1CCCCC1)C1CCCCC1,Oc1ccc(cc1)S(=O)(=O)[O-],O
7,[NH3+]c1ccc(cc1)C(c1ccc([NH3+])cc1)(c1ccc([NH3+])cc1)c1ccc([NH3+])cc1,O=S(=O)([O-])c1ccc2cc(ccc2c1)S(=O)(=O)[O-],O
8,Nc1[nH+]c(N)nc(N)n1,Oc1c2Cc3cc(cc(Cc4cc(cc(Cc5cc(cc(Cc1cc(c2)S(=O)(=O)[O-])c5O)S(=O)(=O)[O-])c4O)S(=O)(=O)[O-])c3O)S(=O)(=O)[O-],O
9,Nc1ccc(cc1)N=[NH+]c1ccccc1,OC(=O)c1cc(ccc1O)S(=O)(=O)[O-],CO
10,Nc1ccc(cc1)N=[NH+]c1ccccc1,O=S(=O)([O-])c1ccccc1,[NH3+]c1ccc(cc1)N=Nc1ccccc1
11,Nc1cc[nH+]cc1,OC(=O)c1cc(ccc1O)S(=O)(=O)[O-],O
12,[nH+]1cccc2ccc3cccnc3c12,Oc1c2Cc3cc(cc(Cc4cc(cc(Cc5cc(cc(Cc1cc(c2)S(=O)(=O)[O-])c5[O-])S(=O)(=O)[O-])c4[O-])S(=O)(=O)[O-])c3O)S(=O)(=O)[O-],O
13,NC(N)=[NH2+],O=S(=O)([O-])CCCCS(=O)(=O)[O-],S1C=CC2=C1C=CS2
14,NC(N)=[NH2+],O=S(=O)([O-])c1ccc2cc(ccc2c1)S(=O)(=O)[O-],S1C=CC2=C1C=CS2
15,NC(N)=[NH2+],O=S(=O)([O-])c1ccc(cc1)c1ccc(cc1)S(=O)(=O)[O-],S1C=CC2=C1C=CS2
16,NC(N)=[NH2+],O=S(=O)([O-])c1ccc2cc(ccc2c1)S(=O)(=O)[O-],S1C=CC=C1C1=CC=CS1
17,NC(N)=[NH2+],O=S(=O)([O-])c1ccc(cc1)c1ccc(cc1)S(=O)(=O)[O-],S1C=CC=C1C1=CC=CS1
18,NC(N)=[NH2+],O=S(=O)([O-])c1ccc(CCc2ccc(cc2)S(=O)(=O)[O-])cc1,S1C=CC=C1C1=CC=CS1
19,NC(N)=[NH2+],O=S(=O)([O-])c1ccc(C=Cc2ccc(cc2)S(=O)(=O)[O-])cc1,S1C=CC=C1C1=CC=CS1
20,NC(N)=[NH2+],O=S(=O)([O-])c1ccc2cc(ccc2c1)S(=O)(=O)[O-],c1ccc(cc1)c1ccccc1
21,NC(N)=[NH2+],O=S(=O)([O-])c1ccc2cc(ccc2c1)S(=O)(=O)[O-],c1ccc(cc1)c1ccccc1
22,NC(N)=[NH2+],O=S(=O)([O-])c1ccc2cc(ccc2c1)S(=O)(=O)[O-],c1ccc(cc1)c1ccccc1
23,NC(N)=[NH2+],O=S(=O)([O-])c1ccc2cc(ccc2c1)S(=O)(=O)[O-],S1C=CC=C1C=CC1=CC=CS1
24,NC(N)=[NH2+],O=S(=O)([O-])c1ccc2cc(ccc2c1)S(=O)(=O)[O-],S1C=CC=C1C=CC1=CC=CS1
25,NC(N)=[NH2+],O=S(=O)([O-])c1ccc2cc(ccc2c1)S(=O)(=O)[O-],S1C=CC=C1C=CC1=CC=CS1
26,NC(N)=[NH2+],O=S(=O)([O-])c1ccc(OCCOc2ccc(cc2)S(=O)(=O)[O-])cc1,S1C=CC=C1C=CC1=CC=CS1
27,NC(N)=[NH2+],O=S(=O)([O-])c1ccc2cc(ccc2c1)S(=O)(=O)[O-],c1ccc(cc1)N=Nc1ccccc1
28,NC(N)=[NH2+],O=S(=O)([O-])c1ccc2cc(ccc2c1)S(=O)(=O)[O-],c1ccc(cc1)N=Nc1ccccc1
29,NC(N)=[NH2+],O=S(=O)([O-])c1ccc2cc(ccc2c1)S(=O)(=O)[O-],c1ccc(cc1)N=Nc1ccccc1
30,NC(N)=[NH2+],O=S(=O)([O-])c1ccc(CCc2ccc(cc2)S(=O)(=O)[O-])cc1,c1ccc(cc1)N=Nc1ccccc1
31,NC(N)=[NH2+],O=S(=O)([O-])c1ccc(C=Cc2ccc(cc2)S(=O)(=O)[O-])cc1,c1ccc(cc1)N=Nc1ccccc1
32,NC(N)=[NH2+],O=S(=O)([O-])c1ccc(OCCOc2ccc(cc2)S(=O)(=O)[O-])cc1,c1ccc(cc1)N=Nc1ccccc1
33,NC(N)=[NH2+],O=S(=O)([O-])c1ccc2cc(ccc2c1)S(=O)(=O)[O-],c1ccc(cc1)C=Cc1ccccc1
34,NC(N)=[NH2+],O=S(=O)([O-])c1ccc(CCc2ccc(cc2)S(=O)(=O)[O-])cc1,c1ccc(cc1)C=Cc1ccccc1
35,NC(N)=[NH2+],O=S(=O)([O-])c1ccc(OCCOc2ccc(cc2)S(=O)(=O)[O-])cc1,c1ccc(cc1)C=Cc1ccccc1
36,NC(N)=[NH2+],O=S(=O)([O-])c1ccc2cc(ccc2c1)S(=O)(=O)[O-],C(Cc1ccccc1)c1ccccc1
37,NC(N)=[NH2+],O=S(=O)([O-])c1ccc2cc(ccc2c1)S(=O)(=O)[O-],C(Cc1ccccc1)c1ccccc1
38,NC(N)=[NH2+],O=S(=O)([O-])c1ccc2cc(ccc2c1)S(=O)(=O)[O-],C(Cc1ccccc1)c1ccccc1
39,NC(N)=[NH2+],O=S(=O)([O-])c1ccc(CCc2ccc(cc2)S(=O)(=O)[O-])cc1,C(Cc1ccccc1)c1ccccc1
40,NC(N)=[NH2+],O=S(=O)([O-])c1ccc(C=Cc2ccc(cc2)S(=O)(=O)[O-])cc1,C(Cc1ccccc1)c1ccccc1
41,NC(N)=[NH2+],O=S(=O)([O-])c1ccc(OCCOc2ccc(cc2)S(=O)(=O)[O-])cc1,C(Cc1ccccc1)c1ccccc1
42,NC(N)=[NH2+],O=S(=O)([O-])c1ccc(C=Cc2ccc(cc2)S(=O)(=O)[O-])cc1,S1C=CSC1=C1SC=CS1
43,NC(N)=[NH2+],O=S(=O)([O-])c1ccc(OCCCCOc2ccc(cc2)S(=O)(=O)[O-])cc1,S1C=CC=C1C1=CC=C(S1)C1=CC=CS1
44,C[NH2+]C,CNC1=NN2=C(C)C=N3N=C(S[Cu]23S1)Nc1ccc(cc1)S(=O)(=O)[O-],CS(C)=O
45,[nH+]1ccc(cc1c1ccccc1c1ccccc1c1[nH+]ccc(c1)c1ccc(cc1)c1ccccc1)c1ccc(cc1)c1ccccc1,CC1(C)C2CCC1(CS(=O)(=O)[O-])C(=O)C2,C1CCOC1
46,[nH+]1ccc(cc1c1ccccc1c1ccccc1c1[nH+]ccc(c1)c1ccc(cc1)c1ccccc1)c1ccc(cc1)c1ccccc1,CC1(C)C2CCC1(CS(=O)(=O)[O-])C(=O)C2,C1CCOC1
47,CCCCCCCCCCCC1=[NH+]c2ccccc2N1,Cc1ccc(cc1)S(=O)(=O)[O-],O
48,C[NH+](C)c1ccc(C)cc1,O=S(=O)([O-])c1cccc2c1cccc2S(=O)(=O)[O-],O
49,C[NH2+]c1ccccc1,Oc1cc(O)c(c2OC(=CC(=O)c12)c1ccccc1)S(=O)(=O)[O-],O
50,[NH2+]=C1Nc2cccc3cccc(N1)c23,Cc1ccc(cc1)S(=O)(=O)[O-],CO
51,CCC1=C2NC(=C1CC)c1[nH+]c(ccc1)C1=C(CC)C(=C(N1)c1cccc(n1)C1=CC=C(N1)c1[nH+]c2ccc1)CC,O=S(=O)([O-])c1ccc(cc1)c1ccc(cc1)S(=O)(=O)[O-],ClC(Cl)Cl
52,Nc1[nH+]c(N)nc(N)n1,O=S(=O)([O-])c1ccc(cc1)c1ccc(cc1)S(=O)(=O)[O-],CCCCCCCCO
53,Nc1[nH+]c(N)nc(N)n1,O=S(=O)([O-])c1ccc(cc1)c1ccc(cc1)S(=O)(=O)[O-],CCCCCCCCCCCCO
54,Nc1[nH+]c(N)nc(N)n1,O=S(=O)([O-])c1ccc(cc1)c1ccc(cc1)S(=O)(=O)[O-],CCCCC(CC)CO
55,Nc1[nH+]c(N)nc(N)n1,O=S(=O)([O-])c1ccc(cc1)c1ccc(cc1)S(=O)(=O)[O-],CC(C)(C)O
56,Nc1[nH+]c(N)nc(N)n1,O=S(=O)([O-])c1cccc2c1cccc2S(=O)(=O)[O-],CC(C)O
57,Nc1[nH+]c(N)nc(N)n1,O=S(=O)([O-])c1cccc2c1cccc2S(=O)(=O)[O-],CCCCO
58,[NH3+]c1ccc(cc1)C(N)=[NH2+],OC(=O)c1cc(ccc1O)S(=O)(=O)[O-],O
59,C[N+]1=NN(C=C1C1=CC=CN1)c1cc(cc(c1)C(C)(C)C)N1C=C([N+](=N1)C)C1=CC=CN1,COS(=O)(=O)[O-],CN(C)C=O
60,NC(N)=[NH2+],O=S(=O)([O-])c1cccc2c1cccc2S(=O)(=O)[O-],O
61,NC(N)=[NH2+],O=S(=O)([O-])c1cccc2c1cccc2S(=O)(=O)[O-],CC(C)c1cccc(C(C)C)c1N
62,NC(N)=[NH2+],O=S(=O)([O-])c1cccc2c1cccc2S(=O)(=O)[O-],COC(=O)c1ccccc1O
63,NC(N)=[NH2+],O=S(=O)([O-])c1cccc2c1cccc2S(=O)(=O)[O-],CC(=C)C1CC=C(C)C(=O)C1
64,NC(N)=[NH2+],O=S(=O)([O-])c1cccc2c1cccc2S(=O)(=O)[O-],COc1cc(C=CC)ccc1O
65,NC(N)=[NH2+],O=S(=O)([O-])c1cccc2c1cccc2S(=O)(=O)[O-],CC(C)C1CCC(C)CC1OC(C)=O
66,NC(N)=[NH2+],O=S(=O)([O-])c1cccc2c1cccc2S(=O)(=O)[O-],Cc1cccc(C)c1N
67,[nH+]1cccc2ccc3cccnc3c12,Oc1c2Sc3cc(cc(Sc4cc(cc(Sc5cc(cc(Sc1cc(c2)S(=O)(=O)[O-])c5O)S(=O)(=O)[O-])c4O)S(=O)(=O)[O-])c3O)S(=O)(=O)[O-],O
68,[nH+]1cccc2ccc3cccnc3c12,Oc1c2Cc3cc(cc(Cc4cc(cc(Cc5cc(cc(Cc6cc(cc(Cc1cc(c2)S(=O)(=O)[O-])c6O)S(=O)(=O)[O-])c5O)S(=O)(=O)[O-])c4O)S(=O)(=O)[O-])c3O)S(=O)(=O)[O-],O
69,[nH+]1cccc2ccc3cccnc3c12,Oc1c2Cc3cc(cc(Cc4cc(cc(Cc5cc(cc(Cc6cc(cc(Cc1cc(c2)S(O)(=O)=O)c6O)S(O)(=O)=O)c5O)S(=O)(=O)[O-])c4O)S(O)(=O)=O)c3O)S(O)(=O)=O,O
70,N1C=[NH+]c2ccccc12,Oc1ccc(cc1C(=O)[O-])S(=O)(=O)[O-],O
71,N1C=[NH+]c2ccccc12,Oc1ccc(cc1C(=O)[O-])S(=O)(=O)[O-],O
72,[nH+]1cccc2ccc3cccnc3c12,OC(=O)c1ccc(cc1)S(=O)(=O)[O-],O
73,CC1=[NH+]C=CN1,OC(=O)c1cc(ccc1O)S(=O)(=O)[O-],O
74,[NH2+]1CC[NH2+]CC1,OC(=O)c1cc(ccc1O)S(=O)(=O)[O-],O
75,[NH2+]1CC[NH2+]CC1,OC(=O)c1cc(ccc1O)S(=O)(=O)[O-],O
76,Cc1[nH+]c(C)ccc1,OC(=O)c1cc(ccc1O)S(=O)(=O)[O-],O
77,[nH+]1ccc(cc1)C=Cc1cc[nH+]cc1,OC(=O)c1ccc(cc1)S(=O)(=O)[O-],O
78,[NH2+]1CC[NH2+]Cc2ccc(C[NH2+]CC[NH2+]CC[NH2+]Cc3ccc(C[NH2+]CC1)cc3)cc2,Cc1ccc(cc1)S(=O)(=O)[O-],O
79,C[N+]1=Nc2ccccc2C(=N1)Nc1ccc(C)cc1,Cc1ccc(cc1)S(=O)(=O)[O-],O
80,[NH3+]c1ccc(cc1)C(c1ccc([NH3+])cc1)(c1ccc([NH3+])cc1)c1ccc([NH3+])cc1,CS(C)=O,O=S(=O)([O-])c1ccc(cc1)C(c1ccc(cc1)S(=O)(=O)[O-])(c1ccc(cc1)S(=O)(=O)[O-])c1ccc(cc1)S(=O)(=O)[O-]
81,[NH3+]c1ccc(cc1)C(c1ccc([NH3+])cc1)(c1ccc([NH3+])cc1)c1ccc([NH3+])cc1,O=S(=O)([O-])c1ccc(cc1)C(c1ccc(cc1)S(=O)(=O)[O-])(c1ccc(cc1)S(=O)(=O)[O-])c1ccc(cc1)S(=O)(=O)[O-],O
82,Cl[Rh+]12(Cl)([NH2]c3ccccc3[P]1(c1ccccc1)c1ccccc1)[NH2]c1ccccc1[P]2(c1ccccc1)c1ccccc1,Cc1ccc(cc1)S(=O)(=O)[O-],CC#N
83,C1C[NH+]2CC[NH+]1CC2,Oc1c2Cc3cc(cc(Cc4cc(cc(Cc5cc(cc(Cc6cc(cc(Cc1cc(c2)S(=O)(=O)[O-])c6O)S(=O)(=O)[O-])c5O)S(=O)(=O)[O-])c4O)S(=O)(=O)[O-])c3O)S(=O)(=O)[O-],O
84,CC(Cc1cccc(CC(C)=C(c2ccccc2)c2ccccc2)c1c1[nH+]cccc1)=C(c1ccccc1)c1ccccc1,Cc1ccc(cc1)S(=O)(=O)[O-],O
85,NC(N)=[NH2+],Cc1c(C)c(c(C)c(c1C)S(=O)(=O)[O-])S(=O)(=O)[O-],Cc1cc(C)c(C)c(C)c1
86,[NH3+]CC[NH3+],Cc1ccc(cc1)S(=O)(=O)[O-],O
87,[NH3+]CC[NH3+],Cc1ccc(cc1)S(=O)(=O)[O-],O
88,C[NH2+]C,Oc1c2Cc3cc(cc(Cc4cc(cc(Cc5cc(cc(Cc6cc(cc(Cc7cc(cc(Cc8cc(cc(Cc9cc(cc(Cc1cc(c2)S(=O)(=O)[O-])c9O)S(=O)(=O)[O-])c8O)S(=O)(=O)[O-])c7O)S(=O)(=O)[O-])c6O)S(=O)(=O)[O-])c5O)S(=O)(=O)[O-])c4O)S(=O)(=O)[O-])c3O)S(=O)(=O)[O-],CN(C)C=O
89,[NH3+]CCC,O=S(=O)([O-])c1cccc2c1cccc2S(=O)(=O)[O-],NC(N)=[NH2+]
90,[NH3+]C(C)C,O=S(=O)([O-])c1cccc2c1cccc2S(=O)(=O)[O-],NC(N)=[NH2+]
91,[NH3+]C(C)(C)C,O=S(=O)([O-])c1cccc2c1cccc2S(=O)(=O)[O-],NC(N)=[NH2+]
92,N1C=[NH+]C=C1,O=S(=O)([O-])c1cccc2c1cccc2S(=O)(=O)[O-],NC(N)=[NH2+]
93,N1[NH+]=CC=C1,O=S(=O)([O-])c1cccc2c1cccc2S(=O)(=O)[O-],NC(N)=[NH2+]
94,[nH+]1ccccc1,O=S(=O)([O-])c1cccc2c1cccc2S(=O)(=O)[O-],NC(N)=[NH2+]
95,[nH+]1ccccc1,O=S(=O)([O-])c1cccc2c1cccc2S(=O)(=O)[O-],NC(N)=[NH2+]
96,[nH+]1ccccc1,O=S(=O)([O-])c1cccc2c1cccc2S(=O)(=O)[O-],NC(N)=[NH2+]
97,[nH+]1ccccc1,O=S(=O)([O-])c1cccc2c1cccc2S(=O)(=O)[O-],NC(N)=[NH2+]
98,[nH+]1ccccc1,O=S(=O)([O-])c1cccc2c1cccc2S(=O)(=O)[O-],NC(N)=[NH2+]
99,[nH+]1ccccc1,O=S(=O)([O-])c1cccc2c1cccc2S(=O)(=O)[O-],NC(N)=[NH2+]
100,[nH+]1ccccc1,O=S(=O)([O-])c1cccc2c1cccc2S(=O)(=O)[O-],NC(N)=[NH2+]
101,[nH+]1ccccc1,O=S(=O)([O-])c1cccc2c1cccc2S(=O)(=O)[O-],NC(N)=[NH2+]
102,[nH+]1ccccc1,O=S(=O)([O-])c1cccc2c1cccc2S(=O)(=O)[O-],NC(N)=[NH2+]
103,[nH+]1ccccc1,O=S(=O)([O-])c1cccc2c1cccc2S(=O)(=O)[O-],NC(N)=[NH2+]
104,[nH+]1ccccc1,O=S(=O)([O-])c1cccc2c1cccc2S(=O)(=O)[O-],NC(N)=[NH2+]
105,[nH+]1ccccc1,O=S(=O)([O-])c1cccc2c1cccc2S(=O)(=O)[O-],NC(N)=[NH2+]
106,[nH+]1ccccc1,O=S(=O)([O-])c1cccc2c1cccc2S(=O)(=O)[O-],NC(N)=[NH2+]
107,[nH+]1ccccc1,O=S(=O)([O-])c1cccc2c1cccc2S(=O)(=O)[O-],NC(N)=[NH2+]
108,[nH+]1ccccc1,O=S(=O)([O-])c1cccc2c1cccc2S(=O)(=O)[O-],NC(N)=[NH2+]
109,[nH+]1ccccc1,O=S(=O)([O-])c1cccc2c1cccc2S(=O)(=O)[O-],NC(N)=[NH2+]
110,[nH+]1ccccc1,O=S(=O)([O-])c1cccc2c1cccc2S(=O)(=O)[O-],NC(N)=[NH2+]
111,[nH+]1ccccc1,O=S(=O)([O-])c1cccc2c1cccc2S(=O)(=O)[O-],NC(N)=[NH2+]
112,[nH+]1ccccc1,O=S(=O)([O-])c1cccc2c1cccc2S(=O)(=O)[O-],NC(N)=[NH2+]
113,[nH+]1ccccc1,O=S(=O)([O-])c1cccc2c1cccc2S(=O)(=O)[O-],NC(N)=[NH2+]
114,[nH+]1ccccc1,O=S(=O)([O-])c1cccc2c1cccc2S(=O)(=O)[O-],NC(N)=[NH2+]
115,[nH+]1ccccc1,O=S(=O)([O-])c1cccc2c1cccc2S(=O)(=O)[O-],NC(N)=[NH2+]
116,[nH+]1ccccc1,O=S(=O)([O-])c1cccc2c1cccc2S(=O)(=O)[O-],NC(N)=[NH2+]
117,[nH+]1ccccc1,O=S(=O)([O-])c1cccc2c1cccc2S(=O)(=O)[O-],NC(N)=[NH2+]
118,[nH+]1ccccc1,O=S(=O)([O-])c1cccc2c1cccc2S(=O)(=O)[O-],NC(N)=[NH2+]
119,[nH+]1ccccc1,O=S(=O)([O-])c1cccc2c1cccc2S(=O)(=O)[O-],NC(N)=[NH2+]
120,[nH+]1ccccc1,O=S(=O)([O-])c1cccc2c1cccc2S(=O)(=O)[O-],NC(N)=[NH2+]
121,[NH3+]c1ccc(Cc2ccc([NH3+])cc2)cc1,Oc1ccc(cc1C(=O)[O-])S(=O)(=O)[O-],O
122,NC(N)=[NH2+],O=S(=O)([O-])c1ccc(cc1)S(=O)(=O)[O-],N#N
123,NC(N)=[NH2+],O=S(=O)([O-])c1ccc(cc1)S(=O)(=O)[O-],CC(C)=O
124,NC(N)=[NH2+],O=S(=O)([O-])c1ccc(cc1)S(=O)(=O)[O-],CC(C)=O
125,NC(N)=[NH2+],O=S(=O)([O-])c1ccc(cc1)S(=O)(=O)[O-],CC(C)=O
126,NC(N)=[NH2+],O=S(=O)([O-])c1ccc(cc1)S(=O)(=O)[O-],O=C=O
127,NC(N)=[NH2+],O=S(=O)([O-])c1ccc(cc1)S(=O)(=O)[O-],O=C=O
128,NC(N)=[NH2+],O=S(=O)([O-])c1ccc(cc1)S(=O)(=O)[O-],O=C=O
129,NC(N)=[NH2+],O=S(=O)([O-])c1ccc(cc1)S(=O)(=O)[O-],CC(C)=O
130,NC(N)=[NH2+],O=S(=O)([O-])c1ccc(cc1)S(=O)(=O)[O-],O=C=O
131,NC(N)=[NH2+],O=S(=O)([O-])c1ccc(cc1)S(=O)(=O)[O-],O=C=O
132,NC(N)=[NH2+],O=S(=O)([O-])c1ccc(cc1)S(=O)(=O)[O-],[Xe]
133,NC(N)=[NH2+],O=S(=O)([O-])c1ccc(cc1)S(=O)(=O)[O-],[Xe]
134,NC(N)=[NH2+],O=S(=O)([O-])c1ccc(cc1)S(=O)(=O)[O-],[Xe]
135,NC(N)=[NH2+],O=S(=O)([O-])c1ccc(cc1)S(=O)(=O)[O-],[Xe]
136,NC(N)=[NH2+],O=S(=O)([O-])c1ccc(cc1)S(=O)(=O)[O-],[Xe]
137,NC(N)=[NH2+],O=S(=O)([O-])c1ccc(cc1)S(=O)(=O)[O-],C=O=C
138,C(NC1=C2[NH+]=CN=C2NC=N1)c1ccccc1,Oc1ccc(cc1C(=O)[O-])S(=O)(=O)[O-],CCO
139,Nc1[nH+]cnc2NC=[NH+]c12,Cc1ccc(cc1)S(=O)(=O)[O-],O
140,Cc1cc[nH+]c(N)c1,OC(=O)c1cc(ccc1O)S(=O)(=O)[O-],O
141,Cc1[nH+]c2ccccc2cc1,O=S(=O)([O-])c1cccc2c1cccc2S(=O)(=O)[O-],O
142,C1CCC(CC1)NC1=C2N(C=Cc3ccccc23)C=[N+]1C1CCCCC1,Cc1ccc(cc1)S(=O)(=O)[O-],ClCCl
143,NC(N)=[NH2+],O=S(=O)([O-])c1ccc(Oc2ccc(cc2)S(=O)(=O)[O-])cc1,c1ccc2ccccc2c1
144,NC(N)=[NH2+],O=S(=O)([O-])c1ccc2cc(ccc2c1)S(=O)(=O)[O-],CC1(C)CCCC(C)(C)N1[O]
145,NC(N)=[NH2+],O=S(=O)([O-])c1ccc(cc1)c1ccc(cc1)S(=O)(=O)[O-],CC1(C)CCCC(C)(C)N1[O]
146,NC(N)=[NH2+],O=S(=O)([O-])c1ccc(cc1)c1ccc(cc1)S(=O)(=O)[O-],COC1CC(C)(C)N([O])C(C)(C)C1
147,NC1=NC2=NC(=[NH2+])NC3=NC(=[NH2+])N=C(N1)N23,CS(=O)(=O)[O-],O
148,[nH+]1ccc(cc1)c1cc[nH+]cc1,O=S(=O)([O-])c1cccc2c1cccc2S(=O)(=O)[O-],O
149,[nH+]1ccc(cc1)c1cc[nH+]cc1,O=S(=O)([O-])c1cccc2c1cccc2S(=O)(=O)[O-],O
150,NC(N)=[NH2+],Oc1ccc(cc1C(=O)[O-])S(=O)(=O)[O-],O
151,[nH+]1cccc2ccccc12,OC(=O)c1cc(ccc1O)S(=O)(=O)[O-],O
152,Nc1cccc2ccc[nH+]c12,OC(=O)c1cc(ccc1O)S(=O)(=O)[O-],O
153,C[NH2+]C,O=S(=O)([O-])c1c(cccc1c1ccccc1)c1ccccc1,O
154,[nH+]1ccccc1c1[nH+]cccc1,Oc1c2Cc3cc(cc(Cc4cc(cc(Cc5cc(cc(Cc1cc(c2)S(O)(=O)=O)c5O)S(=O)(=O)[O-])c4O)S(=O)(=O)[O-])c3O)S(O)(=O)=O,O
155,[nH+]1ccc(cc1)c1cc[nH+]cc1,Oc1c2Sc3cc(cc(Sc4cc(cc(Sc5cc(cc(Sc1cc(c2)S(=O)(=O)[O-])c5O)S(=O)(=O)[O-])c4O)S(=O)(=O)[O-])c3O)S(=O)(=O)[O-],O
156,[nH+]1ccccc1,O=S(=O)([O-])c1cccc2c1cccc2S(=O)(=O)[O-],[OH2][Sn]([OH2])(Cl)(Cl)(Cl)Cl
157,[NH3+]C(c1ccccc1)(c1ccccc1)c1ccccc1,O=S(=O)([O-])c1ccc2cc3ccccc3cc2c1,O
158,[NH3+]CC[NH2+]CC[NH2+]CC[NH3+],Cc1ccc(cc1)S(=O)(=O)[O-],O
159,O=C(Nc1[nH+]cccc1)c1cccc(n1)C(=O)Nc1[nH+]cccc1,CS(=O)(=O)[O-],CC#N
160,CC(C1=NC(=CS1)c1ccc(cc1)C#N)C(O)(CN1C=[NH+]C=N1)c1cc(F)ccc1F,Cc1ccc(cc1)S(=O)(=O)[O-],CC#N
161,C1CNc2c(C1)ccc1ccc[nH+]c21,OC(=O)c1cc(ccc1O)S(=O)(=O)[O-],O
162,N[n+]1ccc(cc1)c1cc[n+](N)cc1,Oc1cc2ccc(cc2cc1S(=O)(=O)[O-])S(=O)(=O)[O-],O
163,N[n+]1ccc(cc1)c1cc[n+](N)cc1,Oc1cc2ccc(cc2cc1S(=O)(=O)[O-])S(=O)(=O)[O-],O
164,N[n+]1ccc(cc1)c1cc[n+](N)cc1,Oc1cc2cc(O)c(cc2cc1S(=O)(=O)[O-])S(=O)(=O)[O-],O
165,N[n+]1ccc(cc1)c1cc[n+](N)cc1,Oc1cc2cc(O)c(cc2cc1S(=O)(=O)[O-])S(=O)(=O)[O-],O
166,Nc1c[nH+]ccc1,OC(=O)c1cc(ccc1O)S(=O)(=O)[O-],O
167,[nH+]1cccc2ccccc12,Oc1c2Cc3cc(cc(Cc4cc(cc(Cc5cc(cc(Cc6cc(cc(Cc7cc(cc(Cc1cc(c2)S(=O)(=O)[O-])c7O)S(=O)(=O)[O-])c6O)S(=O)(=O)[O-])c5O)S(=O)(=O)[O-])c4O)S(=O)(=O)[O-])c3O)S(=O)(=O)[O-],O
168,[nH+]1cccc2ccccc12,Oc1c2Cc3cc(cc(Cc4cc(cc(Cc5cc(cc(Cc1cc(c2)S(O)(=O)=O)c5O)S(=O)(=O)[O-])c4O)S(=O)(=O)[O-])c3O)S(=O)(=O)[O-],O
169,C[n+]1ccc(cc1)C1=C2NC(=CC3=NC(=C(C4=CC=C(N4)C=C4C=CC1=N4)c1cc[n+](C)cc1)C=C3)C=C2,Cc1ccc(cc1)S(=O)(=O)[O-],CO
170,CC1=NN(C(=C1)C)c1cc(nc(c1)c1[nH+]cccc1)c1[nH+]cccc1,CCOS(=O)(=O)[O-],O
171,Cc1ccc(cc1)N1C(=CC2=C1C=C(N2c1ccc(C)cc1)c1c[nH+]ccc1)c1c[nH+]ccc1,Cc1ccc(cc1)S(=O)(=O)[O-],O
172,Cc1ccc(cc1)N1C(=CC2=C1C=C(N2c1ccc(C)cc1)c1c[nH+]ccc1)c1c[nH+]ccc1,Cc1ccc(cc1)S(=O)(=O)[O-],CO
173,Cc1ccc(cc1)N1C(=CC2=C1C=C(N2c1ccc(C)cc1)c1c[nH+]ccc1)c1c[nH+]ccc1,Cc1ccc(cc1)S(=O)(=O)[O-],CO
174,[NH3+]CC[NH3+],Oc1c2Cc3cc(cc(Cc4cc(cc(Cc5cc(cc(Cc1cc(c2)S(=O)(=O)[O-])c5O)S(=O)(=O)[O-])c4O)S(=O)(=O)[O-])c3O)S(=O)(=O)[O-],O
175,[NH3+]CC[NH3+],Oc1c2Cc3cc(cc(Cc4cc(cc(Cc5cc(cc(Cc1cc(c2)S(=O)(=O)[O-])c5O)S(=O)(=O)[O-])c4[O-])S(=O)(=O)[O-])c3O)S(=O)(=O)[O-],O
176,NC(N)=[NH2+],O=S(=O)([O-])c1ccc(cc1)c1cc(c2ccc(cc2)S(=O)(=O)[O-])c(cc1c1ccc(cc1)S(=O)(=O)[O-])c1ccc(cc1)S(=O)(=O)[O-],C1COCCO1
177,NC(N)=[NH2+],O=S(=O)([O-])c1ccc(cc1)c1cc(c2ccc(cc2)S(=O)(=O)[O-])c(cc1c1ccc(cc1)S(=O)(=O)[O-])c1ccc(cc1)S(=O)(=O)[O-],C1COCCO1
178,NC(N)=[NH2+],O=S(=O)([O-])c1ccc(cc1)c1cc(c2ccc(cc2)S(=O)(=O)[O-])c(cc1c1ccc(cc1)S(=O)(=O)[O-])c1ccc(cc1)S(=O)(=O)[O-],C1CCOC1
179,[nH+]1ccc(cc1)c1cc[nH+]cc1,OC(=O)c1ccc(C(O)=O)c(c1)S(=O)(=O)[O-],O
180,CCC1=C2NC(=C1CC)c1[nH+]c(ccc1)C1=C(CC)C(=C(N1)C1=C(CC)C(=C(N1)c1[nH+]c(ccc1)C1=C(CC)C(=C2N1)CC)CC)CC,CS(=O)(=O)[O-],ClC(Cl)Cl
181,[NH3+]C(c1ccccc1)(c1ccccc1)c1ccccc1,O=S(=O)([O-])c1ccc2ccc3cccc4ccc1c2c34,Cc1cc(C)cc(C)c1
182,[NH3+]C(c1ccccc1)(c1ccccc1)c1ccccc1,O=S(=O)([O-])c1ccc2cc3ccccc3cc2c1,Clc1ccc(Cl)c(Cl)c1
183,[NH3+]C(c1ccccc1)(c1ccccc1)c1ccccc1,O=S(=O)([O-])c1ccc2cc3ccccc3cc2c1,Clc1ccc(Cl)c(Cl)c1
184,[NH3+]C(c1ccccc1)(c1ccccc1)c1ccccc1,O=S(=O)([O-])c1ccc2cc3ccccc3cc2c1,Cc1cc(C)cc(C)c1
185,[NH3+]C(c1ccccc1)(c1ccccc1)c1ccccc1,O=S(=O)([O-])c1ccc2cc3ccccc3cc2c1,Cc1cc(C)cc(C)c1
186,[NH3+]C(c1ccccc1)(c1ccccc1)c1ccccc1,O=S(=O)([O-])c1ccc2cc3ccccc3cc2c1,Cc1cc(C)cc(C)c1
187,[NH3+]C(c1ccccc1)(c1ccccc1)c1ccccc1,O=S(=O)([O-])c1ccc2cc3ccccc3cc2c1,Cc1cc(C)cc(C)c1
188,[NH3+]C(c1ccccc1)(c1ccccc1)c1ccccc1,O=S(=O)([O-])c1ccc2cc3ccccc3cc2c1,Cc1cc(C)cc(C)c1
189,[NH3+]C(c1ccccc1)(c1ccccc1)c1ccccc1,O=S(=O)([O-])c1ccc2cc3ccccc3cc2c1,Cc1cc(C)cc(C)c1
190,CNC(N)=[NH2+],O=S(=O)([O-])c1ccc(Oc2ccc(cc2)S(=O)(=O)[O-])cc1,Cc1ccccc1
191,C[NH+]=C(N)N,O=S(=O)([O-])c1ccc(Oc2ccc(cc2)S(=O)(=O)[O-])cc1,C1CCOC1
192,C[NH+]=C(N)N,O=S(=O)([O-])c1ccc(Oc2ccc(cc2)S(=O)(=O)[O-])cc1,c1ccccc1
193,NC(N)=[NH2+],O=C1c2cccc(c2C(=O)c2cccc(c12)S(=O)(=O)[O-])S(=O)(=O)[O-],O
194,C1CCC2C(C1)[NH+](Cc1ccccc1)Cc1cccc(CN(Cc3ccccc3)C3CCCCC3[NH+](Cc3ccccc3)Cc3cccc(CN2Cc2ccccc2)n3)n1,CCOS(=O)(=O)[O-],CC#N
195,NC(N)=[NH2+],COc1cc(O)c(cc1S(=O)(=O)[O-])C(=O)c1ccccc1,CO
196,C(Cc1cc[nH+]cc1)Cc1cc[nH+]cc1,Oc1c2Cc3cc(cc(Cc4cc(cc(Cc5cc(cc(Cc6cc(cc(Cc7cc(cc(Cc8cc(cc(Cc9cc(cc(Cc1cc(c2)S(=O)(=O)[O-])c9O)S(=O)(=O)[O-])c8[O-])S(=O)(=O)[O-])c7O)S(=O)(=O)[O-])c6O)S(=O)(=O)[O-])c5O)S(=O)(=O)[O-])c4[O-])S(=O)(=O)[O-])c3O)S(=O)(=O)[O-],O
197,C(N1C=[NH+]C=C1)c1ccc(CN2C=[NH+]C=C2)cc1,OC(=O)c1cc(ccc1O)S(=O)(=O)[O-],O
198,NC(=[NH2+])c1ccc(cc1)c1ccc(cc1)C(N)=[NH2+],O=S(=O)([O-])c1ccc(cc1)C(c1ccc(cc1)S(=O)(=O)[O-])(c1ccc(cc1)S(=O)(=O)[O-])c1ccc(cc1)S(=O)(=O)[O-],O
199,NC(=[NH2+])c1ccc(cc1)C(N)=[NH2+],O=S(=O)([O-])c1ccc(cc1)C12CC3(CC(C1)(CC(C2)(C3)c1ccc(cc1)S(=O)(=O)[O-])c1ccc(cc1)S(=O)(=O)[O-])c1ccc(cc1)S(=O)(=O)[O-],O
200,C[n+]1cccc(c1)C1=C2CCC(=N2)C(=C2NC(=C(C3=NC(=C(C4=CC=C1N4)c1ccc[n+](C)c1)CC3)c1ccc[n+](C)c1)C=C2)c1ccc[n+](C)c1,Cc1ccc(cc1)S(=O)(=O)[O-],CO
201,NC(N)=[NH2+],O=S(=O)([O-])c1ccc(cc1)c1ccc(cc1)S(=O)(=O)[O-],Cc1ccc(cc1C)N(=O)=O
202,NC(N)=[NH2+],O=S(=O)([O-])c1ccc(cc1)c1ccc(cc1)S(=O)(=O)[O-],Ic1cccc2ccccc12
203,NC(N)=[NH2+],O=S(=O)([O-])c1ccc(cc1)c1ccc(cc1)S(=O)(=O)[O-],N#Cc1cccc2ccccc12
204,N#CC(C#N)=C1C=CC(C=C1)=C(N1CC[NH2+]CC1)N1CC[NH2+]CC1,Cc1ccc(cc1)S(=O)(=O)[O-],O
205,[NH3+]c1c(cccc1C(C)C)C(C)C,O=S(=O)([O-])CCS(=O)(=O)[O-],O
206,[nH+]1cccc2ccc3cccnc3c12,O=C1c2cccc(c2C(=O)c2cccc(c12)S(=O)(=O)[O-])S(=O)(=O)[O-],O
207,NC(N)=[NH2+],O=S(=O)([O-])c1ccc(cc1)S(=O)(=O)[O-],c1cnccn1
208,NC(N)=[NH2+],O=S(=O)([O-])c1ccc(cc1)S(=O)(=O)[O-],O
209,NC(N)=[NH2+],O=S(=O)([O-])c1ccc(cc1)S(=O)(=O)[O-],Nc1ccccc1
210,NC(N)=[NH2+],O=S(=O)([O-])c1ccc(cc1)S(=O)(=O)[O-],S1C=CC=C1
211,NC(N)=[NH2+],O=S(=O)([O-])c1ccc(cc1)S(=O)(=O)[O-],N1C=CC=C1
212,NC(N)=[NH2+],O=S(=O)([O-])c1ccc(cc1)S(=O)(=O)[O-],C1COCCO1
213,[nH+]1ccccc1c1ccccc1c1ccccc1c1[nH+]cccc1,CS(=O)(=O)[O-],O
214,[NH3+]c1c(NS(=O)(=O)c2ccc(C)cc2)c2cccnc2c2ncccc12,Cc1ccc(cc1)S(=O)(=O)[O-],CC#N
215,[nH+]1ccc(cc1)c1cc[nH+]cc1,OC(=O)c1cc(ccc1O)S(=O)(=O)[O-],O
216,NC(N)=[NH2+],O=S(=O)([O-])c1ccc(cc1)c1ccc(cc1)S(=O)(=O)[O-],Oc1ccccc1C=Nc1ccccc1
217,NC(N)=[NH2+],O=S(=O)([O-])c1ccc2cc(ccc2c1)S(=O)(=O)[O-],Oc1ccccc1N=Cc1ccccc1
218,N(N=Cc1ccncc1)C(NN=Cc1ccncc1)=[NH+]N=Cc1ccncc1,CC(C)C1CCC(C)CC1OS(=O)(=O)[O-],CO
219,N(N=Cc1ccncc1)C(NN=Cc1ccncc1)=[NH+]N=Cc1ccncc1,CC(C)C1CCC(C)CC1OS(=O)(=O)[O-],CO
220,[NH3+]C(c1ccccc1)(c1ccccc1)c1ccccc1,O=C1c2ccccc2C(=O)c2cc(ccc12)c1ccc(cc1)S(=O)(=O)[O-],CO
221,[NH3+]CC[NH+]1CCCC1,OC(=O)c1cc(ccc1O)S(=O)(=O)[O-],O
222,[NH3+]CC[NH+]1CCCC1,OC(=O)c1cc(ccc1O)S(=O)(=O)[O-],O
223,O=C(Nc1ccc(cc1)C1(CCCC1)C#N)c1cccnc1NCc1cc[nH+]cc1,CS(=O)(=O)[O-],CC#N
224,N1C=[NH+]c2ccccc12,Oc1c2Cc3cc(cc(Cc4cc(cc(Cc5cc(cc(Cc1cc(c2)S(O)(=O)=O)c5O)S(=O)(=O)[O-])c4O)S(=O)(=O)[O-])c3O)S(O)(=O)=O,O
225,[NH3+]C,COc1ccc2C(=O)C(=COc2c1)c1ccc(OC)c(c1)S(=O)(=O)[O-],O
226,NC(N)=[NH2+],O=S(=O)([O-])c1ccc(cc1)C(c1ccc(cc1)S(=O)(=O)[O-])(c1ccc(cc1)S(=O)(=O)[O-])c1ccc(cc1)S(=O)(=O)[O-],O
227,[NH2+]1C2C[NH+]3CCC(C2)C1C3,Cc1ccc(cc1)S(=O)(=O)[O-],O
228,CNC1=NN2=C(C)C(=N3N=C(S[Zn]423[S]1[Zn]123SC(=NN1=C(C)C(=N2N=C(NC)[S]43)C)Nc1ccc(cc1)S(=O)(=O)[O-])Nc1ccc(cc1)S(=O)(=O)[O-])C,CS(C)=O,C[NH2+]C
229,[NH3+]c1ccc(cc1)c1ccc([NH3+])cc1,OC(=O)c1cc(ccc1O)S(=O)(=O)[O-],O
230,[NH3+]c1ccc(cc1)c1ccc([NH3+])cc1,OC(=O)c1cc(ccc1O)S(=O)(=O)[O-],O
231,Nc1[nH+]c(N)ccc1,OC(=O)c1cc(ccc1O)S(=O)(=O)[O-],O
232,NN1N=NN(N)C1=[NH2+],Cc1ccc(cc1)S(=O)(=O)[O-],CO
233,[NH3+]C(C)C,O=S(=O)([O-])c1ccc(cc1)c1ccc(cc1)S(=O)(=O)[O-],c1ccccc1
234,[NH3+]C(C)C,O=S(=O)([O-])c1ccc(cc1)c1ccc(cc1)S(=O)(=O)[O-],C1COCCO1
235,[NH3+]C(C)C,O=S(=O)([O-])c1ccc(cc1)c1ccc(cc1)S(=O)(=O)[O-],C1COCCO1
236,[NH3+]CCC,O=S(=O)([O-])c1ccc(cc1)c1ccc(cc1)S(=O)(=O)[O-],c1ccccc1
237,[NH3+]CCC,O=S(=O)([O-])c1ccc(cc1)c1ccc(cc1)S(=O)(=O)[O-],C1COCCO1
238,[NH3+]CCC,O=S(=O)([O-])c1ccc(cc1)c1ccc(cc1)S(=O)(=O)[O-],C1COCCO1
239,C1N2C(=[NH+]c3ccccc23)c2ccc(CN3C(=[NH+]c4ccccc34)c3ccc(cc3)C3=[NH+]c4ccccc4N3Cc3ccc1cc3)cc2,Cc1ccc(cc1)S(=O)(=O)[O-],O
240,[NH3+]c1ccc(cc1)c1cccc2cc3c(cccc3c3ccc([NH3+])cc3)cc12,O=S(=O)([O-])c1ccccc1,CS(C)=O
241,[NH3+]c1ccc(Cc2ccc([NH3+])cc2)cc1,O=S(=O)([O-])c1cccc2c1cccc2S(=O)(=O)[O-],O
242,O=C1O[Co+]23([NH2]CC[NH2]2)([NH2]CC[NH2]3)OC1=O,O=S(=O)([O-])c1ccc2cc(ccc2c1)S(=O)(=O)[O-],CN(C)c1ccncc1
243,N1C=C[NH+]=C1C1=NC=CN1,Oc1ccc(cc1C(=O)[O-])S(=O)(=O)[O-],O
244,NC(N)=[NH2+],O=S(=O)([O-])c1ccc2cc3cc(ccc3cc2c1)S(=O)(=O)[O-],CC(C)C1=CC2=C(C)C=CC2=C(C)C=C1
245,NC(N)=[NH2+],O=S(=O)([O-])c1ccc2cc(ccc2c1)S(=O)(=O)[O-],C1=CC=C2C=CC=C2C=C1
246,NC(N)=[NH2+],O=S(=O)([O-])c1ccc(cc1)c1ccccc1,CC(=C)C1CC=C(C)C(=O)C1
247,NC(N)=[NH2+],O=S(=O)([O-])c1ccc2cc(ccc2c1)S(=O)(=O)[O-],CC1(C)CCCC2(C)C1CCC1(C)OC(=O)CC21
248,NC(N)=[NH2+],O=S(=O)([O-])c1ccc2cc(ccc2c1)S(=O)(=O)[O-],CC1(C)CCCC2(C)C1CCC1(C)OC(=O)CC21
249,NC(N)=[NH2+],O=S(=O)([O-])c1ccc(cc1)c1ccc(cc1)S(=O)(=O)[O-],CC(C)c1cccc(C(C)C)c1N
250,[NH3+]C(c1ccccc1)(c1ccccc1)c1ccccc1,Oc1ccc(cc1S(=O)(=O)[O-])c1ccc(O)c(c1)S(=O)(=O)[O-],CCCO
251,[NH3+]C(c1ccccc1)(c1ccccc1)c1ccccc1,Oc1ccc(cc1S(=O)(=O)[O-])c1ccc(O)c(c1)S(=O)(=O)[O-],CCCCO
252,[NH3+]C(c1ccccc1)(c1ccccc1)c1ccccc1,Oc1ccc(cc1S(=O)(=O)[O-])c1ccc(O)c(c1)S(=O)(=O)[O-],CCCCCO
253,[NH3+]C(c1ccccc1)(c1ccccc1)c1ccccc1,Oc1ccc(cc1S(=O)(=O)[O-])c1ccc(O)c(c1)S(=O)(=O)[O-],C1COCCO1
254,[NH3+]C(c1ccccc1)(c1ccccc1)c1ccccc1,Oc1ccc(cc1S(=O)(=O)[O-])c1ccc(O)c(c1)S(=O)(=O)[O-],CN(C)C=O
255,[NH3+]C(c1ccccc1)(c1ccccc1)c1ccccc1,Oc1ccc(cc1S(=O)(=O)[O-])c1ccc(O)c(c1)S(=O)(=O)[O-],CS(C)=O
256,[NH3+]C(c1ccccc1)(c1ccccc1)c1ccccc1,Oc1ccc(cc1S(=O)(=O)[O-])c1ccc(O)c(c1)S(=O)(=O)[O-],O
257,[NH3+]C(c1ccccc1)(c1ccccc1)c1ccccc1,Oc1ccc(cc1S(=O)(=O)[O-])c1ccc(O)c(c1)S(=O)(=O)[O-],O
258,[NH3+]C(c1ccccc1)(c1ccccc1)c1ccccc1,Oc1ccc(cc1S(=O)(=O)[O-])c1ccc(O)c(c1)S(=O)(=O)[O-],CO
259,[NH3+]C(c1ccccc1)(c1ccccc1)c1ccccc1,Oc1ccc(cc1S(=O)(=O)[O-])c1ccc(O)c(c1)S(=O)(=O)[O-],CO
260,CC#N[Pd+]1(O=C(C)Nc2ccc(F)c(F)c12)N#CC,Cc1ccc(cc1)S(=O)(=O)[O-],CC#N
261,NC(N)=[NH2+],O=S(=O)([O-])c1cccc2c1cccc2S(=O)(=O)[O-],COCCO
262,CN1C=[NH+]C=C1,CS(C)=O[Fe]123(OS(=O)(=O)O[Fe]4567OS(=O)(=O)O[Fe]89(OS(=O)(=O)O[Fe](OS(=O)(=O)O1)(O=S(=O)([O-]8)[O-]4)([O-]S(=O5)(=O)[O-]2)(O36)O79)(O=S(C)C)O=S(C)C)O=S(C)C,CS(C)=O
263,CCC1=C(CC)C2=CC3=[NH+]C(=CC4=C(CC)C(=C(N4)C=C4[NH+]=C(C=C1N2)C(=C4CC)CC)CC)C(=C3CC)CC,COS(=O)(=O)[O-],ClC(Cl)Cl
264,NC(N)=[NH2+],Cc1cccc(c1)S(=O)(=O)[O-],Cc1ccc(C)cc1
265,NC(N)=[NH2+],COc1ccc(cc1)S(=O)(=O)[O-],Cc1ccccc1C
266,NC(N)=[NH2+],CCc1ccc(cc1)S(=O)(=O)[O-],Cc1ccccc1C
267,NC(N)=[NH2+],CC(C)c1ccc(cc1)S(=O)(=O)[O-],Cc1ccc(C)c(C)c1
268,NC(N)=[NH2+],CC(C)c1ccc(cc1)S(=O)(=O)[O-],Cc1ccc(C)cc1
269,NC(N)=[NH2+],Cc1ccc(cc1)S(=O)(=O)[O-],COc1ccc(C)c(C)c1
270,NC(N)=[NH2+],Cc1ccc(cc1)S(=O)(=O)[O-],CC(C)(C)c1ccccc1
271,NC(N)=[NH2+],CC(C)(C)c1ccc(cc1)S(=O)(=O)[O-],c1ccccc1
272,NC(N)=[NH2+],CC(C)(C)c1ccc(cc1)S(=O)(=O)[O-],CC(C)(C)c1ccc(cc1)C(C)(C)C
273,NC(N)=[NH2+],CC(C)(C)c1ccc(cc1)S(=O)(=O)[O-],O
274,Cc1ccc(cc1)C1=C2NC(=C(C3=[NH+]C(=C(C4=CC=C(N4)C(=C4[NH+]=C1C=C4)c1ccc(C)cc1)c1ccc(C)cc1)C=C3)c1ccc(C)cc1)C=C2,CS(=O)(=O)[O-],ClC(Cl)Cl
275,Nc1c[nH+]ccc1,O=S(=O)([O-])c1cccc2c1cccc2S(=O)(=O)[O-],O
276,[nH+]1ccccc1,CC(C)c1cc(C(C)C)c(c(c1)C(C)C)S(=O)(=O)[O-],c1ccncc1
277,[NH3+]CCCCCCCCCCCC[NH3+],O=S(=O)([O-])c1cc(c2ccc3c4c(ccc1c24)c(cc3S(=O)(=O)[O-])S(=O)(=O)[O-])S(=O)(=O)[O-],O
278,[nH+]1ccc(cc1)c1cc[nH+]cc1,OC(=O)c1ccccc1S(=O)(=O)[O-],O
279,NC(N)=[NH2+],O=S(=O)([O-])c1ccc2cc(ccc2c1)S(=O)(=O)[O-],c1ccc2ccccc2c1
280,NC(N)=[NH2+],O=S(=O)([O-])c1ccc(cc1)c1ccc(cc1)S(=O)(=O)[O-],c1ccc(cc1)c1ccccc1
281,NC(N)=[NH2+],O=S(=O)([O-])c1ccc2cc3cc(ccc3cc2c1)S(=O)(=O)[O-],c1ccc2cc3ccccc3cc2c1
282,NC(N)=[NH2+],O=S(=O)([O-])c1ccc2cc3cc(ccc3cc2c1)S(=O)(=O)[O-],c1ccc2cc3ccccc3cc2c1
283,NC(N)=[NH2+],Cc1ccc(cc1)S(=O)(=O)[O-],Cc1cccc(C)c1
284,NC(N)=[NH2+],Cc1ccc(cc1)S(=O)(=O)[O-],Cc1ccc(C)cc1
285,NC(N)=[NH2+],Cc1ccc(cc1)S(=O)(=O)[O-],CN(C)c1ccccc1
286,NC(N)=[NH2+],Cc1ccc(cc1)S(=O)(=O)[O-],Cc1ccccc1C
287,NC(N)=[NH2+],O=S(=O)([O-])c1ccccc1,Cc1ccc(C)cc1
288,NC(N)=[NH2+],O=S(=O)([O-])c1ccccc1,CN(C)c1ccccc1
289,NC(N)=[NH2+],O=S(=O)([O-])c1ccccc1,Clc1ccccc1Cl
290,NC(N)=[NH2+],O=S(=O)([O-])c1ccc(cc1)c1ccc(cc1)S(=O)(=O)[O-],Cc1ccc2ccccc2c1C
291,NC(N)=[NH2+],O=S(=O)([O-])c1ccc(cc1)c1ccc(cc1)S(=O)(=O)[O-],Cc1cccc2c(C)cccc12
292,NC(N)=[NH2+],O=S(=O)([O-])c1ccc(cc1)c1ccc(cc1)S(=O)(=O)[O-],Cc1ccc2cccc(C)c2c1
293,NC(N)=[NH2+],O=S(=O)([O-])c1ccc(cc1)c1ccc(cc1)S(=O)(=O)[O-],Cc1cccc2cccc(C)c12
294,NC(N)=[NH2+],O=S(=O)([O-])c1ccc(cc1)c1ccc(cc1)S(=O)(=O)[O-],Cc1cccc2cccc(C)c12
295,NC(N)=[NH2+],O=S(=O)([O-])c1ccc(cc1)c1ccc(cc1)S(=O)(=O)[O-],Cc1ccc2cc(C)ccc2c1
296,NC(N)=[NH2+],O=S(=O)([O-])c1ccc(cc1)c1ccc(cc1)S(=O)(=O)[O-],Cc1ccc2cc(C)ccc2c1
297,NC(N)=[NH2+],O=S(=O)([O-])c1ccc(cc1)c1ccc(cc1)S(=O)(=O)[O-],Cc1ccc2ccc(C)cc2c1
298,[nH+]1ccccc1,CC1(C)C2CCC1(CS(=O)(=O)[O-])C(=O)C2,O
299,[NH3+]C(C)C(C)C,O=S(=O)([O-])c1ccc2cc3cc(ccc3cc2c1)S(=O)(=O)[O-],C1COCCO1
300,[NH3+]CC(C)(C)C,O=S(=O)([O-])c1ccc2cc3cc(ccc3cc2c1)S(=O)(=O)[O-],C1COCCO1
301,[NH3+]C1CCCCC1,O=S(=O)([O-])OC1C(OS(=O)(=O)[O-])C(OS(=O)(=O)[O-])C(OS(=O)(=O)[O-])C(OS(=O)(=O)[O-])C1OS(=O)(=O)[O-],O
302,NC(=[NH2+])c1ccc(cc1)C(N)=[NH2+],O=S(=O)([O-])c1ccc(cc1)C(c1ccc(cc1)S(=O)(=O)[O-])(c1ccc(cc1)S(=O)(=O)[O-])c1ccc(cc1)S(=O)(=O)[O-],O
303,NC(=[NH2+])c1ccc(cc1)C(N)=[NH2+],O=S(=O)([O-])c1ccc(cc1)C(c1ccc(cc1)S(=O)(=O)[O-])(c1ccc(cc1)S(=O)(=O)[O-])c1ccc(cc1)S(=O)(=O)[O-],O
304,[nH+]1cccc2ccc3cccnc3c12,Oc1c2Cc3cc(cc(Cc4cc(cc(Cc5cc(cc(Cc1cc(c2)S(=O)(=O)[O-])c5[O-])S(=O)(=O)[O-])c4O)S(=O)(=O)[O-])c3[O-])S(=O)(=O)[O-],O
305,[nH+]1cccc2ccc3cccnc3c12,Oc1c2Cc3cc(cc(Cc4cc(cc(Cc5cc(cc(Cc6cc(cc(Cc7cc(cc(Cc1cc(c2)S(=O)(=O)[O-])c7O)S(=O)(=O)[O-])c6O)S(=O)(=O)[O-])c5O)S(=O)(=O)[O-])c4O)S(=O)(=O)[O-])c3O)S(=O)(=O)[O-],O
306,[nH+]1cccc2ccc3cccnc3c12,Oc1c2Cc3cc(cc(Cc4cc(cc(Cc5cc(cc(Cc6cc(cc(Cc7cc(cc(Cc1cc(c2)S(=O)(=O)[O-])c7O)S(=O)(=O)[O-])c6O)S(=O)(=O)[O-])c5O)S(=O)(=O)[O-])c4O)S(=O)(=O)[O-])c3O)S(=O)(=O)[O-],O
307,[nH+]1ccc(cc1)c1cc[nH+]cc1,O=S(=O)([O-])c1ccc2cc(ccc2c1)S(=O)(=O)[O-],O
308,C(Nc1[nH+]cnc2NC=Nc12)c1ccccc1,OC(=O)c1cc(ccc1O)S(=O)(=O)[O-],O
309,[nH+]1cccc2ccc3ccccc3c12,O=S(=O)([O-])c1ccccc1,ClCCl
310,NC(N)=[NH2+],Oc1c2Cc3cc(cc(Cc4cc(cc(Cc5cc(cc(Cc1cc(c2)S(=O)(=O)[O-])c5O)S(=O)(=O)[O-])c4O)S(=O)(=O)[O-])c3O)S(=O)(=O)[O-],O
311,C[n+]1cccc(c1)C1=C2C=CC(=N2)C(=C2NC(=C(c3ccc[n+](C)c3)C3=NC(=C(C4=CC=C1N4)c1ccc[n+](C)c1)C=C3)C=C2)c1ccc[n+](C)c1,Cc1ccc(cc1)S(=O)(=O)[O-],CO
312,[NH2+]1CC[NH2+]Cc2c3ccccc3c(C[NH2+]CC[NH2+]CC[NH2+]Cc3c4ccccc4c(C[NH2+]CC1)c1ccccc31)c1ccccc21,O=S(=O)([O-])c1cccc2c1cccc2S(=O)(=O)[O-],O
313,[NH3+]c1ccc(C)cc1,COc1cc(cc(c1O)C1=CC(=O)c2ccccc2O1)S(=O)(=O)[O-],O
314,[NH3+]CCCCCC[NH2+]CCCCCC[NH3+],Oc1c2Cc3cc(cc(Cc4cc(cc(Cc5cc(cc(Cc6cc(cc(Cc7cc(cc(Cc1cc(c2)S(=O)(=O)[O-])c7O)S(=O)(=O)[O-])c6O)S(=O)(=O)[O-])c5O)S(=O)(=O)[O-])c4O)S(=O)(=O)[O-])c3O)S(=O)(=O)[O-],O
315,C[NH2+]C,Oc1c2Cc3cc(cc(Cc4cc(cc(Cc5cc(cc(Cc6cc(cc(Cc7cc(cc(Cc1cc(c2)S(=O)(=O)[O-])c7O)S(=O)(=O)[O-])c6O)S(=O)(=O)[O-])c5O)S(=O)(=O)[O-])c4O)S(=O)(=O)[O-])c3O)S(=O)(=O)[O-],CN(C)C=O
316,CC1[NH2+]CC[NH2+]C1,Cc1ccc(cc1)S(=O)(=O)[O-],O
317,N1C2=C(c3ccccc3)C3=[NH+]C(=C(C4=C(c5ccccc5)C(=C(N4)C(=C4N=C(C(=C1C(=C2c1ccccc1)c1ccccc1)c1ccccc1)C(=C4c1ccccc1)c1ccccc1)c1ccccc1)c1ccccc1)c1ccccc1)C(=C3c1ccccc1)c1ccccc1,O=S(=O)([O-])c1ccc2cc3ccccc3cc2c1,CO
318,NN1C(=NN=C1c1ccncc1)c1cc[nH+]cc1,OC(=O)c1cc(cc(c1)S(=O)(=O)[O-])C(O)=O,O
319,[NH3+]C(C)C,O=S(=O)([O-])c1ccc(cc1)c1ccc(cc1)S(=O)(=O)[O-],N#CC(C#N)=C1C=CC(C=C1)=C(C#N)C#N
320,[NH3+]C(C)(C)C,O=S(=O)([O-])c1ccc(cc1)c1ccc(cc1)S(=O)(=O)[O-],N#CC(C#N)=C1C=CC(C=C1)=C(C#N)C#N
321,[NH3+]C,O=S(=O)([O-])c1ccc(cc1)c1ccc(cc1)S(=O)(=O)[O-],N#CC(C#N)=C1C=CC(C=C1)=C(C#N)C#N
322,[NH3+]CC,O=S(=O)([O-])c1ccc(cc1)c1ccc(cc1)S(=O)(=O)[O-],N#CC(C#N)=C1C=CC(C=C1)=C(C#N)C#N
323,[NH3+]c1cc[n+](CC[n+]2ccc([NH3+])cc2)cc1,Oc1c2Cc3cc(cc(Cc4cc(cc(Cc5cc(cc(Cc6cc(cc(Cc1cc(c2)S(O)(=O)=O)c6O)S(=O)(=O)[O-])c5O)S(=O)(=O)[O-])c4O)S(=O)(=O)[O-])c3O)S(=O)(=O)[O-],O
324,Nc1[nH+]c(N)nc(N)[nH+]1,Oc1ccc(cc1)S(=O)(=O)[O-],O
325,[NH3+]Cc1ccccc1,O=S(=O)([O-])c1ccccc1,O
326,[NH3+]C(c1ccccc1)(c1ccccc1)c1ccccc1,O=S(=O)([O-])c1ccc(cc1)c1c2ccccc2cc2ccccc12,Clc1ccccc1Cl
327,[NH2+]1CC[NH2+]CC1,OC(=O)c1cc(ccc1O)S(=O)(=O)[O-],O
328,[NH2+]1CCCC1,OC(=O)c1cc(ccc1O)S(=O)(=O)[O-],O
329,[nH+]1ccc(cc1)c1cc[nH+]cc1,Oc1c2Cc3cc(cc(Cc4cc(cc(Cc5cc(cc(Cc1cc(c2)S(=O)(=O)[O-])c5O)S(=O)(=O)[O-])c4O)S(=O)(=O)[O-])c3O)S(=O)(=O)[O-],O
330,[NH3+]C(c1ccccc1)(c1ccccc1)c1ccccc1,O=S(=O)([O-])c1cccc2cc3cccc(c3cc12)S(=O)(=O)[O-],ClCCCl
331,[NH3+]C(c1ccccc1)(c1ccccc1)c1ccccc1,O=S(=O)([O-])c1cccc2cc3cccc(c3cc12)S(=O)(=O)[O-],ICCCI
332,[NH3+]C(c1ccccc1)(c1ccccc1)c1ccccc1,O=S(=O)([O-])c1cccc2cc3cccc(c3cc12)S(=O)(=O)[O-],CCCCBr
333,[NH3+]C(c1ccccc1)(c1ccccc1)c1ccccc1,O=S(=O)([O-])c1cccc2cc3cccc(c3cc12)S(=O)(=O)[O-],CC(C)=O
334,[NH3+]C(c1ccccc1)(c1ccccc1)c1ccccc1,O=S(=O)([O-])c1cccc2cc3cccc(c3cc12)S(=O)(=O)[O-],CC#N
335,[NH3+]C(c1ccccc1)(c1ccccc1)c1ccccc1,O=S(=O)([O-])c1cccc2cc3cccc(c3cc12)S(=O)(=O)[O-],CCOC(C)=O
336,[NH3+]C(c1ccccc1)(c1ccccc1)c1ccccc1,O=S(=O)([O-])c1cccc2cc3cccc(c3cc12)S(=O)(=O)[O-],Cc1ccccc1
337,Cc1[nH+]c2nc(N)ccc2c(C)c1,OC(=O)c1cc(ccc1O)S(=O)(=O)[O-],O
338,CC1=[NH+]C=CN1,O=S(=O)([O-])c1cccc2c1cccc2S(=O)(=O)[O-],O
339,Nc1[nH+]cnc2[NH+]=CNc12,O=S(=O)([O-])c1cccc2c1cccc2S(=O)(=O)[O-],O
340,NC(N)=[NH2+],O=S(=O)([O-])c1ccc(cc1)c1ccc(cc1)S(=O)(=O)[O-],c1ccc2ccccc2c1
341,NC(N)=[NH2+],O=S(=O)([O-])c1ccc(cc1)c1ccc(cc1)S(=O)(=O)[O-],C=Cc1ccc(C=C)cc1
342,NC(N)=[NH2+],O=S(=O)([O-])c1ccc(cc1)c1ccc(cc1)S(=O)(=O)[O-],Brc1ccc(Br)cc1
343,NC(N)=[NH2+],O=S(=O)([O-])c1ccc(cc1)c1ccc(cc1)S(=O)(=O)[O-],Brc1ccc(Br)cc1
344,NC(N)=[NH2+],O=S(=O)([O-])c1ccc(cc1)c1ccc(cc1)S(=O)(=O)[O-],O=N(=O)c1ccccc1
345,NC(N)=[NH2+],O=S(=O)([O-])c1ccc(cc1)c1ccc(cc1)S(=O)(=O)[O-],O=N(=O)c1cccc2ccccc12
346,NC(N)=[NH2+],O=S(=O)([O-])c1ccc(cc1)c1ccc(cc1)S(=O)(=O)[O-],O=N(=O)c1cccc2ccccc12
347,[NH3+]Cc1ccccc1,O=S(=O)([O-])c1ccc(cc1)C#Cc1ccc(cc1)C#Cc1ccc(cc1)S(=O)(=O)[O-],O=C=O
348,[NH3+]Cc1ccccc1,O=S(=O)([O-])c1ccc(cc1)C#Cc1ccc(cc1)C#Cc1ccc(cc1)S(=O)(=O)[O-],C1COCCO1
349,[NH3+]Cc1cccc(C[NH3+])c1,O=S(=O)([O-])c1cccc2c1cccc2S(=O)(=O)[O-],O
350,[NH3+]c1ccc(C)c([NH3+])c1,O=S(=O)([O-])c1cccc2c1cccc2S(=O)(=O)[O-],O
351,[NH3+]C(C)CC,O=S(=O)([O-])c1ccc2cc3cc(ccc3cc2c1)S(=O)(=O)[O-],c1ccccc1
352,[NH3+]C(C)CC,O=S(=O)([O-])c1ccc2cc3cc(ccc3cc2c1)S(=O)(=O)[O-],c1ccccc1
353,[NH3+]C(C)CC,O=S(=O)([O-])c1ccc2cc3cc(ccc3cc2c1)S(=O)(=O)[O-],C1COCCO1
354,[NH3+]C(C)CC,O=S(=O)([O-])c1ccc2cc3cc(ccc3cc2c1)S(=O)(=O)[O-],C1COCCO1
355,C1[NH+]2CN3CN1CN(C2)C3,OC(=O)c1cc(ccc1O)S(=O)(=O)[O-],O
356,C1[NH+]2CN3CN1CN(C2)C3,Oc1ccc(cc1C(=O)[O-])S(=O)(=O)[O-],O
357,[NH3+]C(C)CC,O=S(=O)([O-])c1ccc2cc3cc(ccc3cc2c1)S(=O)(=O)[O-],C1COCCO1
358,[NH3+]C(C)CC,O=S(=O)([O-])c1ccc2cc3cc(ccc3cc2c1)S(=O)(=O)[O-],C1COCCO1
359,[NH3+]C(c1ccccc1)(c1ccccc1)c1ccccc1,O=S(=O)([O-])c1ccc(C=Cc2ccc(cc2)S(=O)(=O)[O-])cc1,Cc1ccccc1Cl
360,[NH3+]C(c1ccccc1)(c1ccccc1)c1ccccc1,O=S(=O)([O-])c1ccc(C=Cc2ccc(cc2)S(=O)(=O)[O-])cc1,Cc1ccccc1Cl
361,Nc1[nH+]cnc2N=CNc12,Oc1c2Cc3cc(cc(Cc4cc(cc(Cc5cc(cc(Cc1cc(c2)S(=O)(=O)[O-])c5O)S(=O)(=O)[O-])c4O)S(=O)(=O)[O-])c3O)S(=O)(=O)[O-],O
362,[NH3+]c1ccccc1,Oc1cc(O)c(c2OC(=CC(=O)c12)c1ccccc1)S(=O)(=O)[O-],O
363,Nc1[nH+]c(N)nc(N)n1,O=S(=O)([O-])c1cccc2c1cccc2S(=O)(=O)[O-],O
364,CC[N+](CC)(CC)CC,FC(F)(F)c1cc2COc3cccc(OCc4cc(NC(=S)Nc5cc(COc6cccc(OCc7cc(NC(=S)Nc(c2)c1)cc(c7)C(F)(F)F)c6)cc(c5)C(F)(F)F)cc(c4)C(F)(F)F)c3,O=S(=O)([O-])CCS(=O)(=O)[O-]
365,[NH3+]Cc1cccc(C[NH3+])c1,Cc1ccc(cc1)S(=O)(=O)[O-],O
366,C1CN2CC[NH+]1CC2,O=S(=O)([O-])c1ccc(cc1)c1ccc(cc1)S(=O)(=O)[O-],CN(C)C=O
367,N1C(=[NH+]c2ccccc12)C1=[NH+]c2ccccc2N1,OC(=O)c1cc(ccc1O)S(=O)(=O)[O-],O
368,NC(N)=[NH2+],O=S(=O)([O-])c1ccc(cc1)S(=O)(=O)[O-],C1CCOC1
369,NC(N)=[NH2+],O=S(=O)([O-])c1ccc(cc1)S(=O)(=O)[O-],c1ccccc1
370,NC(N)=[NH2+],O=S(=O)([O-])c1ccc(cc1)S(=O)(=O)[O-],Cc1ccc(C)cc1
371,NC(N)=[NH2+],O=S(=O)([O-])c1ccc(cc1)S(=O)(=O)[O-],Cc1ccccc1C
372,NC(N)=[NH2+],O=S(=O)([O-])c1ccc(cc1)S(=O)(=O)[O-],c1ccc2ccccc2c1
373,NC(N)=[NH2+],O=S(=O)([O-])c1ccc2cc(ccc2c1)S(=O)(=O)[O-],c1ccccc1
374,NC(N)=[NH2+],O=S(=O)([O-])c1ccc2cc(ccc2c1)S(=O)(=O)[O-],Cc1ccc(C)cc1
375,NC(N)=[NH2+],O=S(=O)([O-])c1ccc2cc(ccc2c1)S(=O)(=O)[O-],Cc1ccccc1C
376,NC(N)=[NH2+],O=S(=O)([O-])c1ccc2cc(ccc2c1)S(=O)(=O)[O-],Cc1cccc2ccccc12
377,NC(N)=[NH2+],O=S(=O)([O-])c1ccc2cc(ccc2c1)S(=O)(=O)[O-],c1cc2ccc3cccc4ccc(c1)c2c34
378,NC(N)=[NH2+],O=S(=O)([O-])c1ccc(cc1)c1ccc(cc1)S(=O)(=O)[O-],c1cc2cccc3c4cccc5cccc(c(c1)c23)c45
379,NC(N)=[NH2+],O=S(=O)([O-])c1ccc2cc3cc(ccc3cc2c1)S(=O)(=O)[O-],Cc1ccc(C)cc1
380,NC(N)=[NH2+],O=S(=O)([O-])c1ccc2cc3cc(ccc3cc2c1)S(=O)(=O)[O-],Cc1ccccc1C
381,NC(N)=[NH2+],O=S(=O)([O-])c1ccc2cc3cc(ccc3cc2c1)S(=O)(=O)[O-],c1ccc2ccccc2c1
382,NC(N)=[NH2+],O=S(=O)([O-])c1ccc2cc3cc(ccc3cc2c1)S(=O)(=O)[O-],c1cc2ccc3cccc4ccc(c1)c2c34
383,NC(N)=[NH2+],O=S(=O)([O-])c1ccc2cc3cc(ccc3cc2c1)S(=O)(=O)[O-],c1ccc(cc1)c1ccccc1
384,NC(N)=[NH2+],O=S(=O)([O-])c1ccc2cc3cc(ccc3cc2c1)S(=O)(=O)[O-],c1cc2cccc3c4cccc5cccc(c(c1)c23)c45
385,NC(N)=[NH2+],O=S(=O)([O-])c1ccc(Oc2ccc(cc2)S(=O)(=O)[O-])cc1,Cc1ccccc1
386,NC(N)=[NH2+],O=S(=O)([O-])c1ccc(Oc2ccc(cc2)S(=O)(=O)[O-])cc1,CC#N
387,NC(N)=[NH2+],COc1cc(C)c(c(C)c1S(=O)(=O)[O-])S(=O)(=O)[O-],C1CCOC1
388,Cc1cc(C)c(c(C)c1)C1=C2CN(C=C2)C2=[NH+]C(=C(C3=CC=C(N3)C3=[NH+]C(=C(C4=CC=C1N4)c1c(C)cc(C)cc1C)C=C3)c1c(C)cc(C)cc1C)C=C2,CS(=O)(=O)[O-],ClCCl
389,Cc1cc(C)c(c(C)c1)C1=C2CN(C=C2)C2=[NH+]C(=C(C3=CC=C(N3)N3C=CC(=C3)C(=C3[NH+]=C1C=C3)c1c(C)cc(C)cc1C)c1c(C)cc(C)cc1C)C=C2,CS(=O)(=O)[O-],ClCCl
390,[NH3+]c1ccc(CC#N)cc1,Cc1ccc(cc1)S(=O)(=O)[O-],O
391,[NH3+]C1CCCCC1[NH3+],Oc1c2Cc3cc(cc(Cc4cc(cc(Cc5cc(cc(Cc1cc(c2)S(=O)(=O)[O-])c5O)S(=O)(=O)[O-])c4O)S(=O)(=O)[O-])c3O)S(=O)(=O)[O-],O
392,Nc1[nH+]c(N)nc(N)n1,Cc1ccc(cc1)S(=O)(=O)[O-],O
393,[OH2][Zn+2]([OH2])([OH2])([OH2])([OH2])[OH2],O=S(=O)([O-])c1ccc2c(cccc2S(=O)(=O)[O-])c1,CC[NH+](CC)CC
394,[NH3+]C1CCCCC1,OCC(O)CS(=O)(=O)[O-],O
395,Cc1[nH+]ncc(N=[NH]c2cn[nH]c(C)n2)n1,Cc1ccc(cc1)S(=O)(=O)[O-],O
396,Cc1[nH+]c2nc(N)ccc2c(C)c1,O=S(=O)([O-])c1ccccc1,O
397,Cc1[nH+]c2nc(N)ccc2c(C)c1,Cc1ccc(cc1)S(=O)(=O)[O-],O
398,Cc1[nH+]c2nc(N)ccc2c(C)c1,O=S(=O)([O-])c1cccc2c1cccc2S(=O)(=O)[O-],O
399,CN1C=C[NH+]=C1C,O=S(=O)([O-])c1ccccc1,CN1C=CN=C1C
400,CC(C)(NC(=O)OC12CCC(=O)C3Oc4c(O)ccc5CC1[NH+](CCC23c45)CC1CC1)C1=NC(=NO1)c1ccccc1,Cc1ccc(cc1)S(=O)(=O)[O-],CC#N
401,CCC1=C(C)C2=CC3=[NH+]C(=CC4=C(CC)C(=C(N4)C4=C(C)C(=C(N4)C=C4[NH+]=C(C=C1N2)C(=C4C)CC)C)CC)C(=C3C)C,Cc1ccc(cc1)S(=O)(=O)[O-],ClCCl
402,C[NH2+]C,OC(=O)c1cc(cc(c1)S(=O)(=O)[O-])C(O)=O,O
403,CC(C)[NH2+]C(C)C,OC(=O)c1cc(cc(c1)S(=O)(=O)[O-])C(O)=O,O
404,[NH3+]c1c(C)cccc1C,O=S(=O)([O-])c1cccc2c1cccc2S(=O)(=O)[O-],O
405,[NH3+]c1ccc(Cc2ccc([NH3+])cc2)cc1,OC(=O)c1cc(ccc1O)S(=O)(=O)[O-],O
406,NC(N)=[NH2+],O=S(=O)([O-])c1ccc(cc1)c1cc(c2ccc(cc2)S(=O)(=O)[O-])c(cc1c1ccc(cc1)S(=O)(=O)[O-])c1ccc(cc1)S(=O)(=O)[O-],CC(C)=O
407,NC(N)=[NH2+],O=S(=O)([O-])c1ccc(cc1)c1c(c2ccc(cc2)S(=O)(=O)[O-])c(c2ccc(cc2)S(=O)(=O)[O-])c(c2ccc(cc2)S(=O)(=O)[O-])c(c2ccc(cc2)S(=O)(=O)[O-])c1c1ccc(cc1)S(=O)(=O)[O-],CO
408,NC(N)=[NH2+],O=S(=O)([O-])c1ccc(cc1)C(c1ccc(cc1)S(=O)(=O)[O-])c1ccc(cc1)S(=O)(=O)[O-],Cc1cc(C)cc(C)c1
409,[nH+]1ccccc1c1ccccn1,OC(=O)c1cc(ccc1O)S(=O)(=O)[O-],O
410,[NH3+]C(C)c1ccccc1,O=S(=O)([O-])c1cccc2c1cccc2S(=O)(=O)[O-],O
411,CC1=N([Ag+]N2=C(C)N(CCc3nc(N)nc(N)n3)C=C2)C=CN1CCc1nc(N)nc(N)n1,O=S(=O)([O-])c1cccc2c1cccc2S(=O)(=O)[O-],CC#N
412,C(N1C=[NH+]c2ccccc12)c1c2ccccc2c(CN2C=[NH+]c3ccccc23)c2ccccc12,OC(=O)c1cc(cc(c1)S(=O)(=O)[O-])C(O)=O,O
413,CC1=C(Cc2c3ccccc3c(CC3=C(C)N[NH+]=C3C)c3ccccc23)C(=[NH+]N1)C,O=S(=O)([O-])c1cccc2c1cccc2S(=O)(=O)[O-],O
414,C(N1C=[NH+]C=C1)c1c2ccccc2c(CN2C=[NH+]C=C2)c2ccccc12,OC(=O)c1cc(cc(c1)S(=O)(=O)[O-])C(O)=O,CO
415,C(N1C=Nc2ccccc12)c1c2ccccc2c(C[N+]2=CNc3ccccc23)c2ccccc12,O=S(=O)([O-])c1cccc2c1cccc2S(=O)(=O)[O-],CN(C)C=O
416,[NH3+]CCC,O=S(=O)([O-])c1cccc2cc3c(cccc3S(=O)(=O)[O-])cc12,O
417,CC(C)(C)c1[nH+]c2Nc3c(nc4Nc5c([nH+]c6Nc7c(nc8Nc1c1c2c3c4c5c6c7c81)C(C)(C)C)C(C)(C)C)C(C)(C)C,Cc1ccc(cc1)S(=O)(=O)[O-],Cc1ccccc1
418,[NH3+]C1CCC([NH3+])CC1,O=S(=O)([O-])c1ccc(cc1)C(c1ccc(cc1)S(=O)(=O)[O-])(c1ccc(cc1)S(=O)(=O)[O-])c1ccc(cc1)S(=O)(=O)[O-],O
419,[NH3+]c1ccc([NH3+])cc1,O=S(=O)([O-])c1ccc(cc1)C(c1ccc(cc1)S(=O)(=O)[O-])(c1ccc(cc1)S(=O)(=O)[O-])c1ccc(cc1)S(=O)(=O)[O-],O
420,[NH3+]c1ccc(cc1)c1ccc([NH3+])cc1,O=S(=O)([O-])c1ccc(cc1)C(c1ccc(cc1)S(=O)(=O)[O-])(c1ccc(cc1)S(=O)(=O)[O-])c1ccc(cc1)S(=O)(=O)[O-],O
421,Nc1nc[nH+]c2N=CNc12,O=S(=O)([O-])c1cccc2c1cccc2S(=O)(=O)[O-],O
422,[NH3+]c1ccccc1[Se][Se]c1ccccc1[NH3+],Cc1ccc(cc1)S(=O)(=O)[O-],CC#N
423,[nH+]1cc[nH+]cc1,OC(=O)c1cc(ccc1O)S(=O)(=O)[O-],O
424,N[n+]1ccncc1,Cc1cc(C)c(c(C)c1)S(=O)(=O)[O-],O
425,NC(=[NH2+])c1ccc(C=Cc2ccc(cc2)C(N)=[NH2+])cc1,OCCS(=O)(=O)[O-],O
426,NC(N)=[NH2+],O=S(=O)([O-])c1ccc(cc1)c1ccc(cc1)S(=O)(=O)[O-],CC1=CC(=C(Nc2ccccc2N(=O)=O)S1)C#N
427,NC(N)=[NH2+],O=S(=O)([O-])c1ccc(CCc2ccc(cc2)S(=O)(=O)[O-])cc1,CC1=CC(=C(Nc2ccccc2N(=O)=O)S1)C#N
428,NC(N)=[NH2+],O=S(=O)([O-])c1ccc(C=Cc2ccc(cc2)S(=O)(=O)[O-])cc1,CC1=CC(=C(Nc2ccccc2N(=O)=O)S1)C#N
429,NC(N)=[NH2+],O=S(=O)([O-])c1ccc(OCCOc2ccc(cc2)S(=O)(=O)[O-])cc1,CC1=CC(=C(Nc2ccccc2N(=O)=O)S1)C#N
430,NC(N)=[NH2+],O=S(=O)([O-])c1ccc2cc3cc(ccc3cc2c1)S(=O)(=O)[O-],CC1=CC(=C(Nc2ccccc2N(=O)=O)S1)C#N
431,[NH2+]1CCN2CC[NH2+]Cc3cccc(C[NH2+]CCN(CC[NH2+]Cc4cccc(C1)c4)CC[NH2+]Cc1cccc(C[NH2+]CC2)c1)c3,Cc1ccc(cc1)S(=O)(=O)[O-],O
432,[NH3+]CCC[NH2+]CCCC[NH2+]CCC[NH3+],Oc1c2Cc3cc(cc(Cc4cc(cc(Cc5cc(cc(Cc1cc(c2)S(=O)(=O)[O-])c5O)S(=O)(=O)[O-])c4O)S(=O)(=O)[O-])c3O)S(=O)(=O)[O-],O
433,N#Cc1ccc(C[N+]2=CNC=N2)cc1,OC(=O)c1cc(ccc1O)S(=O)(=O)[O-],O
434,NC(N)=[NH2+],O=S(=O)([O-])c1ccc2cc(ccc2c1)S(=O)(=O)[O-],N#CC(C#N)=C1C=CC(C=C1)=C(C#N)C#N
435,NC(N)=[NH2+],O=S(=O)([O-])c1cccc2ccccc12,N#CC(C#N)=C1C=CC(C=C1)=C(C#N)C#N
436,NC(N)=[NH2+],O=S(=O)([O-])c1cccc2c1cccc2S(=O)(=O)[O-],N#CC(C#N)=C1C=CC(C=C1)=C(C#N)C#N
437,[NH3+]c1ccc(cc1C)c1ccc([NH3+])c(C)c1,Cc1ccc(cc1)S(=O)(=O)[O-],CO
438,Nc1[nH+]c(N)cc(N)[nH+]1,O=S(=O)([O-])c1ccccc1,O
439,[NH3+]c1c(C)cc(C)c(c1C)c1c(C)cc(C)c([NH3+])c1C,CC1(C)C2CCC1(CS(=O)(=O)[O-])C(=O)C2,O
440,[NH3+]c1c(C)cc(C)c(c1C)c1c(C)cc(C)c([NH3+])c1C,CC1(C)C2CCC1(CS(=O)(=O)[O-])C(=O)C2,O
441,C1C(NC2=[NH+]C(CN12)C(c1ccccc1)(c1ccccc1)c1ccccc1)C(c1ccccc1)(c1ccccc1)c1ccccc1,CC1(C)C2CCC1(CS(=O)(=O)[O-])C(=O)C2,CC(C)O
442,[nH+]1cccc2ccc3cccnc3c12,Oc1c2Cc3cc(cc(Cc4cc(cc(Cc5cc(cc(Cc6cc(cc(Cc7cc(cc(Cc1cc(c2)S(O)(=O)=O)c7O)S(=O)(=O)[O-])c6O)S(=O)(=O)[O-])c5O)S(O)(=O)=O)c4O)S(=O)(=O)[O-])c3O)S(=O)(=O)[O-],O
443,[NH2+]1CCC[NH2+]CCN2CC[NH2+]CCC[NH2+]CCN(CC1)CC[NH2+]CCC[NH2+]CC2,Cc1ccc(cc1)S(=O)(=O)[O-],O
444,[NH3+]CCCCC,O=S(=O)([O-])c1ccc(cc1)C#Cc1ccc(cc1)C#Cc1ccc(cc1)S(=O)(=O)[O-],C1COCCO1
445,N1C(=[NH+]c2ccccc12)c1cccc(n1)C1=[NH+]c2ccccc2N1,Cc1cc(C)c(c(C)c1)S(=O)(=O)[O-],[Cl-]
446,[NH3+]C(c1ccccc1)(c1ccccc1)c1ccccc1,O=S(=O)([O-])c1ccc(cc1)c1ccc(cc1)S(=O)(=O)[O-],O
447,[NH3+]C(c1ccccc1)(c1ccccc1)c1ccccc1,O=S(=O)([O-])c1ccc(cc1)c1ccc(cc1)S(=O)(=O)[O-],CO
448,[NH3+]C(c1ccccc1)(c1ccccc1)c1ccccc1,O=S(=O)([O-])c1ccc(cc1)c1ccc(cc1)S(=O)(=O)[O-],CCO
449,[NH3+]C(c1ccccc1)(c1ccccc1)c1ccccc1,O=S(=O)([O-])c1ccc(cc1)c1ccc(cc1)S(=O)(=O)[O-],CCCO
450,[NH3+]C(c1ccccc1)(c1ccccc1)c1ccccc1,O=S(=O)([O-])c1ccc(cc1)c1ccc(cc1)S(=O)(=O)[O-],CCCCO
451,[NH3+]C(c1ccccc1)(c1ccccc1)c1ccccc1,O=S(=O)([O-])c1ccc(cc1)c1ccc(cc1)S(=O)(=O)[O-],CCCCCO
452,[NH3+]C(c1ccccc1)(c1ccccc1)c1ccccc1,O=S(=O)([O-])c1ccc(cc1)c1ccc(cc1)S(=O)(=O)[O-],CN(C)C=O
453,[NH3+]C(c1ccccc1)(c1ccccc1)c1ccccc1,O=S(=O)([O-])c1ccc(cc1)c1ccc(cc1)S(=O)(=O)[O-],CS(C)=O
454,[NH3+]C(c1ccccc1)(c1ccccc1)c1ccccc1,O=S(=O)([O-])c1ccc(cc1)c1ccc(cc1)S(=O)(=O)[O-],C1COCCO1
455,NC(N)=[NH2+],O=S(=O)([O-])CCCCS(=O)(=O)[O-],CC#N
456,NC(N)=[NH2+],O=S(=O)([O-])c1cccc2c1cccc2S(=O)(=O)[O-],N#CCCCCC#N
457,NC(N)=[NH2+],O=S(=O)([O-])c1cccc2c1cccc2S(=O)(=O)[O-],CCCCCC#N
458,NC(N)=[NH2+],O=S(=O)([O-])c1cccc2c1cccc2S(=O)(=O)[O-],CCCCCCCC#N
459,NC(N)=[NH2+],O=S(=O)([O-])c1cccc2c1cccc2S(=O)(=O)[O-],CO
460,NC(N)=[NH2+],O=S(=O)([O-])c1cccc2c1cccc2S(=O)(=O)[O-],CCC#N
461,NC(N)=[NH2+],O=S(=O)([O-])c1cccc2c1cccc2S(=O)(=O)[O-],COCCOCCOCCOC
462,NC(N)=[NH2+],O=S(=O)([O-])c1ccc2cc(ccc2c1)S(=O)(=O)[O-],N#Cc1ccccc1
463,NC(N)=[NH2+],O=S(=O)([O-])c1ccc(cc1)c1ccc(cc1)S(=O)(=O)[O-],CO
464,NC(N)=[NH2+],O=S(=O)([O-])c1ccc(cc1)c1ccc(cc1)S(=O)(=O)[O-],CO
465,NC(N)=[NH2+],O=S(=O)([O-])c1ccc(cc1)c1ccc(cc1)S(=O)(=O)[O-],CO
466,NC(N)=[NH2+],O=S(=O)([O-])c1ccc(cc1)c1ccc(cc1)S(=O)(=O)[O-],CO
467,NC(N)=[NH2+],O=S(=O)([O-])c1ccc(cc1)c1ccc(cc1)S(=O)(=O)[O-],Cc1ccccc1
468,NC(N)=[NH2+],O=S(=O)([O-])c1ccc(cc1)c1ccc(cc1)S(=O)(=O)[O-],Cc1cccc(C)c1
469,NC(N)=[NH2+],O=S(=O)([O-])c1ccc(cc1)c1ccc(cc1)S(=O)(=O)[O-],Cc1cccc(C)c1
470,C#Cc1ccc(cc1)C1=C2[NH+]=C(C=C2)C(=C2NC(=C(C3=[NH+]C(=C(C4=CC=C1N4)c1ccccc1)C=C3)c1ccc(cc1)C#C)C=C2)c1ccccc1,COS(=O)(=O)[O-],O
471,CCC1=C(C)C2=C3C=C(C4=[NH+]C(=CC5=C(CC)C(=C(N5)C5=CC(=C6[NH+]=C(C=C1N2)C(=C6C)CC)c1ccccc51)C)C(=C4C)CC)c1ccccc31,COS(=O)(=O)[O-],ClC(Cl)Cl
472,N1C2=CC=C1C(=C1C=CC(=N1)C(=C1[NH+]=C(C=C1)C(=C1C=CC(=N1)C(=C1NC(=C(c3ccccc3)C3=NC(=C2c2ccccc2)C=C3)C=C1)c1ccccc1)c1ccccc1)c1ccccc1)c1ccccc1,CS(=O)(=O)[O-],CS(O)(=O)=O
473,CC(C)NC(=[NH+]C(C)C)c1ccc(cc1)C(NC(C)C)=[NH+]C(C)C,O=S(=O)([O-])c1ccc2cc(ccc2c1)S(=O)(=O)[O-],O
474,NC(=[NH2+])c1ccc(cc1)C(N)=[NH2+],O=S(=O)([O-])c1cccc2c1cccc2S(=O)(=O)[O-],O
475,NC(=[NH2+])c1ccc(cc1)C(N)=[NH2+],O=S(=O)([O-])c1ccc2cc(ccc2c1)S(=O)(=O)[O-],O
476,C[NH+](C)CC[NH+](C)C,O=S(=O)([O-])c1cccc2c1cccc2S(=O)(=O)[O-],O
477,Nc1[nH+]cccc1,OC(=O)c1cc(cc(c1)S(=O)(=O)[O-])C(O)=O,O
478,Nc1c[nH+]ccc1,OC(=O)c1cc(cc(c1)S(=O)(=O)[O-])C(O)=O,O
479,Nc1cc[nH+]cc1,OC(=O)c1cc(cc(c1)S(=O)(=O)[O-])C(O)=O,O
480,Nc1[nH+]c(N)ccc1,OC(=O)c1cc(cc(c1)S(=O)(=O)[O-])C(O)=O,O
481,[nH+]1ccc(cc1)c1cc[nH+]cc1,OC(=O)c1cc(ccc1C(=O)[O-])S(=O)(=O)[O-],c1ccc2cc3ccccc3cc2c1
482,[NH3+]c1c2cccc1c1cc(C)c(CC=CCc3c(C)cc(cc3C)c3cccc(c3[NH3+])c3cc(C)c(CC=CCc4c(C)cc2cc4C)c(C)c3)c(C)c1,Cc1ccc(cc1)S(=O)(=O)[O-],O
483,Nc1[nH+]cnc2NC=Nc12,OC(=O)c1cc(ccc1O)S(=O)(=O)[O-],O
484,[NH3+]c1ncnc2NC=Nc12,OC(=O)c1cc(ccc1O)S(=O)(=O)[O-],O
485,[NH3+]C(c1ccccc1)(c1ccccc1)c1ccccc1,O=S(=O)([O-])c1ccc(cc1)c1ccc2cc3ccccc3cc2c1,CN(C)c1ccccc1
486,[NH3+]C(c1ccccc1)(c1ccccc1)c1ccccc1,O=S(=O)([O-])c1ccc(cc1)c1ccc2cc3ccccc3cc2c1,Cc1cc(C)cc(C)c1
487,[NH3+]C(c1ccccc1)(c1ccccc1)c1ccccc1,O=S(=O)([O-])c1ccc(cc1)c1ccc2cc3ccccc3cc2c1,c1ccccc1
488,[NH3+]C(c1ccccc1)(c1ccccc1)c1ccccc1,O=S(=O)([O-])c1ccc(cc1)c1ccc2cc3ccccc3cc2c1,c1ccccc1
489,[NH3+]C(c1ccccc1)(c1ccccc1)c1ccccc1,O=S(=O)([O-])c1ccc(cc1)c1ccc2cc3ccccc3cc2c1,Cc1ccc(C)cc1
490,[NH3+]C(c1ccccc1)(c1ccccc1)c1ccccc1,O=S(=O)([O-])c1ccc(cc1)c1ccc2cc3ccccc3cc2c1,c1ccccc1
491,[nH+]1cccc2ccc3cccnc3c12,Oc1c2Cc3cc(cc(Cc4cc(cc(Cc5cc(cc(Cc6cc(cc(Cc7cc(cc(Cc8cc(cc(Cc9cc(cc(Cc1cc(c2)S(=O)(=O)[O-])c9O)S(=O)(=O)[O-])c8O)S(=O)(=O)[O-])c7O)S(=O)(=O)[O-])c6O)S(=O)(=O)[O-])c5O)S(=O)(=O)[O-])c4O)S(=O)(=O)[O-])c3O)S(=O)(=O)[O-],O
492,[NH3+]C1CCCCC1[NH3+],CCOS(=O)(=O)[O-],OS(=O)(=O)[O-]
493,NC(N)=[NH2+],Cc1c(C)c(c(C)c(c1C)S(=O)(=O)[O-])S(=O)(=O)[O-],Cc1cc(C)cc(C)c1
494,NC(N)=[NH2+],Cc1c(C)c(c(C)c(c1C)S(=O)(=O)[O-])S(=O)(=O)[O-],Cc1cc(C)cc(C)c1
495,NC(N)=[NH2+],Cc1cc(C)c(c(C)c1S(=O)(=O)[O-])S(=O)(=O)[O-],O=N(=O)c1ccccc1
496,NC(N)=[NH2+],Cc1cc(C)c(c(C)c1S(=O)(=O)[O-])S(=O)(=O)[O-],CN(C)c1cccc(c1)N(=O)=O
497,NC(N)=[NH2+],Cc1cc(C)c(c(C)c1S(=O)(=O)[O-])S(=O)(=O)[O-],Cc1cc(C)cc(C)c1
498,NC(N)=[NH2+],Cc1cc(C)c(c(C)c1S(=O)(=O)[O-])S(=O)(=O)[O-],Cc1cc(C)cc(C)c1
499,NC(N)=[NH2+],Cc1cc(C)c(c(C)c1S(=O)(=O)[O-])S(=O)(=O)[O-],COc1ccc(cc1)N(=O)=O
500,NC(N)=[NH2+],Cc1c(C)c(c(C)c(c1C)S(=O)(=O)[O-])S(=O)(=O)[O-],O=N(=O)c1ccccc1
501,NC(N)=[NH2+],Cc1c(C)c(c(C)c(c1C)S(=O)(=O)[O-])S(=O)(=O)[O-],CN(C)c1cccc(c1)N(=O)=O
502,NC(N)=[NH2+],Cc1c(C)c(c(C)c(c1C)S(=O)(=O)[O-])S(=O)(=O)[O-],COc1ccc(cc1)N(=O)=O
503,NC(N)=[NH2+],Cc1c(C)c(c(C)c(c1C)S(=O)(=O)[O-])S(=O)(=O)[O-],CN(C)c1ccc(cc1)N(=O)=O
504,CN(C)C(=[NH2+])NC(N)=[NH2+],Oc1c2Cc3cc(cc(Cc4cc(cc(Cc5cc(cc(Cc1cc(c2)S(=O)(=O)[O-])c5O)S(=O)(=O)[O-])c4O)S(=O)(=O)[O-])c3O)S(=O)(=O)[O-],O
505,NC(=[NH2+])NC(=[NH2+])NCCc1ccccc1,Oc1c2Cc3cc(cc(Cc4cc(cc(Cc5cc(cc(Cc1cc(c2)S(=O)(=O)[O-])c5O)S(=O)(=O)[O-])c4O)S(=O)(=O)[O-])c3O)S(=O)(=O)[O-],O
506,CN(C)C(=[NH2+])NC(N)=[NH2+],Oc1c2Cc3cc(cc(Cc4cc(cc(Cc5cc(cc(Cc6cc(cc(Cc1cc(c2)S(=O)(=O)[O-])c6O)S(=O)(=O)[O-])c5O)S(=O)(=O)[O-])c4O)S(=O)(=O)[O-])c3O)S(=O)(=O)[O-],O
507,Cc1[nH+]c2ccccc2cc1,OC(=O)c1cc(ccc1O)S(=O)(=O)[O-],O
508,NC(N)=[NH2+],Cc1cc(ccc1c1ccc(cc1C)S(=O)(=O)[O-])S(=O)(=O)[O-],CC#N
509,NC(N)=[NH2+],O=S(=O)([O-])c1ccc(c2ccccc12)c1ccc(c2ccccc12)S(=O)(=O)[O-],CO
510,NC(N)=[NH2+],O=S(=O)([O-])c1ccc(c2ccccc12)c1ccc(c2ccccc12)S(=O)(=O)[O-],O=N(=O)c1ccccc1
511,NC(N)=[NH2+],O=S(=O)([O-])c1ccc(c2ccccc12)c1ccc(c2ccccc12)S(=O)(=O)[O-],CC1(C)C2CC=C(CO)C1C2
512,C(C[n+]1ccc(cc1)c1cc[nH+]cc1)[n+]1ccc(cc1)c1cc[nH+]cc1,Oc1c2Cc3cc(cc(Cc4cc(cc(Cc5cc(cc(Cc6cc(cc(Cc1cc(c2)S(O)(=O)=O)c6O)S(=O)(=O)[O-])c5O)S(=O)(=O)[O-])c4O)S(=O)(=O)[O-])c3O)S(=O)(=O)[O-],O
513,[NH3+]C1CCCCC1[NH3+],Oc1c2Cc3cc(cc(Cc4cc(cc(Cc5cc(cc(Cc6cc(cc(Cc7cc(cc(Cc8cc(cc(Cc9cc(cc(Cc1cc(c2)S(=O)(=O)[O-])c9O)S(=O)(=O)[O-])c8O)S(=O)(=O)[O-])c7O)S(=O)(=O)[O-])c6O)S(=O)(=O)[O-])c5O)S(=O)(=O)[O-])c4O)S(=O)(=O)[O-])c3O)S(=O)(=O)[O-],O
514,CCNC(N)=[NH2+],O=S(=O)([O-])c1cccc2ccccc12,O
515,CN(C)C(N)=[NH2+],O=S(=O)([O-])c1cccc2ccccc12,O
516,Nc1[nH+]cccn1,OC(=O)c1cc(ccc1O)S(=O)(=O)[O-],O
517,Nc1[nH+]c(N)nc(N)n1,O=S(=O)([O-])c1cccc(c1)S(=O)(=O)[O-],O
518,Nc1[nH+]c(N)nc(N)n1,O=S(=O)([O-])CCS(=O)(=O)[O-],O
519,N1C2=[NH+]c3ccccc3NC2=Nc2ccccc12,O=S(=O)([O-])c1ccc(cc1)S(=O)(=O)[O-],CS(C)=O
520,C[n+]1ccc(cc1)c1cc[n+](C)cc1,Cc1ccc(cc1)S(=O)(=O)[O-],CCCOc1c2Cc3cccc(Cc4cccc(Cc5cc(CNC(=O)Nc6ccccc6)cc(Cc1ccc2)c5O)c4OCCC)c3O
521,NC(N)=[NH2+],O=C1c2ccc(cc2C(=O)c2ccc(cc12)S(=O)(=O)[O-])S(=O)(=O)[O-],CCNc1cc2OC(=O)C=C(C)c2cc1C
522,NC(N)=[NH2+],O=S(=O)([O-])c1ccc(CCc2ccc(cc2)S(=O)(=O)[O-])cc1,CCN(CC)c1ccc2C(=CC(=O)Oc2c1)C
523,NC(N)=[NH2+],O=S(=O)([O-])c1ccc(C=Cc2ccc(cc2)S(=O)(=O)[O-])cc1,CCN(CC)c1ccc2C(=CC(=O)Oc2c1)C
524,NC(N)=[NH2+],O=S(=O)([O-])CCCCCCCCS(=O)(=O)[O-],CCN(CC)c1ccc2C(=CC(=O)Oc2c1)C
525,NC(N)=[NH2+],O=S(=O)([O-])CCCCCCCCS(=O)(=O)[O-],CC1=CC(=O)Oc2c3CCCN4CCCc(cc12)c34
526,NC(N)=[NH2+],O=S(=O)([O-])c1ccc2cc3cc(ccc3cc2c1)S(=O)(=O)[O-],CCN(CC)c1ccc2C(=CC(=O)Oc2c1)C
527,NC(N)=[NH2+],O=S(=O)([O-])c1ccc2cc3cc(ccc3cc2c1)S(=O)(=O)[O-],CC1=CC(=O)Oc2c3CCCN4CCCc(cc12)c34
528,NC(N)=[NH2+],O=S(=O)([O-])c1ccc(cc1)c1ccc(cc1)S(=O)(=O)[O-],CCN(CC)c1ccc2C(=CC(=O)Oc2c1)C
529,NC(N)=[NH2+],O=S(=O)([O-])c1ccc(cc1)c1ccc(cc1)S(=O)(=O)[O-],CC1=CC(=O)Oc2c3CCCN4CCCc(cc12)c34
530,NC(N)=[NH2+],O=S(=O)([O-])c1ccc(CCc2ccc(cc2)S(=O)(=O)[O-])cc1,CCOC(=O)C1=Cc2cc3CCCN4CCCc(c2OC1=O)c34
531,NC(N)=[NH2+],O=S(=O)([O-])c1ccc(CCc2ccc(cc2)S(=O)(=O)[O-])cc1,CC(=O)C1=Cc2cc3CCCN4CCCc(c2OC1=O)c34
532,NC(N)=[NH2+],O=S(=O)([O-])c1ccc2cc(ccc2c1)S(=O)(=O)[O-],CCN(CC)c1ccc2C(=CC(=O)Oc2c1)C
533,NC(N)=[NH2+],Oc1c2Cc3cc(cc(Cc4cc(cc(Cc5cc(cc(Cc1cc(c2)S(=O)(=O)[O-])c5O)S(=O)(=O)[O-])c4O)S(=O)(=O)[O-])c3O)S(=O)(=O)[O-],O
534,CC([NH2+]OC(C)(C)C)c1cccc2ccccc12,CC1(C)C2CCC1(CS(=O)(=O)[O-])C(=O)C2,CC#N
535,[NH3+]c1ccccc1C1=C2[NH+]=C(C(=C2CC)CC)C(=C2NC(=C(C3=[NH+]C(=C(C4=C(CC)C(=C1N4)CC)c1ccccc1[NH3+])C(=C3CC)CC)c1ccccc1[NH3+])C(=C2CC)CC)c1ccccc1[NH3+],O=S(=O)([O-])c1ccccc1,O
536,[NH3+]CC[NH3+],OC(=O)c1cc(ccc1O)S(=O)(=O)[O-],O
537,NC(N)=[NH2+],O=S(=O)([O-])c1ccc(cc1)c1ccc(cc1)S(=O)(=O)[O-],COc1cc(C=CC)ccc1O
538,NC(N)=[NH2+],O=S(=O)([O-])c1ccc(cc1)c1ccc(cc1)S(=O)(=O)[O-],COc1ccc(C=O)cc1
539,NC(N)=[NH2+],O=S(=O)([O-])c1ccc(cc1)c1ccc(cc1)S(=O)(=O)[O-],COc1ccc(C=O)cc1
540,NC(N)=[NH2+],O=S(=O)([O-])c1ccc(cc1)c1ccc(cc1)S(=O)(=O)[O-],COc1ccc(C=CC)cc1
541,NC(N)=[NH2+],O=S(=O)([O-])c1ccc(cc1)c1ccc(cc1)S(=O)(=O)[O-],COc1ccc(C=CC)cc1
542,NC(N)=[NH2+],O=S(=O)([O-])c1ccc(cc1)c1ccc(cc1)S(=O)(=O)[O-],COc1ccc(C=CC)cc1OC
543,NC(N)=[NH2+],O=S(=O)([O-])c1ccc(cc1)c1ccc(cc1)S(=O)(=O)[O-],COc1cc(CC=C)ccc1OC(C)=O
544,NC(N)=[NH2+],O=S(=O)([O-])c1ccc(cc1)c1ccc(cc1)S(=O)(=O)[O-],COc1cc(CC=C)ccc1OC(C)=O
545,NC(N)=[NH2+],O=S(=O)([O-])c1ccc(cc1)c1ccc(cc1)S(=O)(=O)[O-],CC(C)C1CCC(C)CC1OC(C)=O
546,NC(N)=[NH2+],O=S(=O)([O-])c1ccc(cc1)c1ccc(cc1)S(=O)(=O)[O-],CC(C)C1CCC(C)CC1OC(C)=O
547,[NH3+]C,Oc1ccc2C(=O)C(=COc2c1)c1ccc(O)c(c1)S(=O)(=O)[O-],O
548,C1C[NH+](CC[NH+]1CC=Cc1ccccc1)C(c1ccccc1)c1ccccc1,Cc1ccc(cc1)S(=O)(=O)[O-],O
549,[NH2+]1CCCCC1,OC(=O)c1cc(ccc1O)S(=O)(=O)[O-],O
550,N1C(=Nc2ccccc12)C=Cc1cc[nH+]cc1,OC(=O)c1cc(cc(c1)S(=O)(=O)[O-])C(O)=O,O
551,C(Cc1cc[nH+]cc1)Cc1cc[nH+]cc1,O=S(=O)([O-])c1cccc2c1cccc2S(=O)(=O)[O-],O
552,NC(N)=[NH2+],O=S(=O)([O-])c1ccc(cc1)c1ccc(cc1)S(=O)(=O)[O-],Cc1ccc(C)cc1
553,NC(N)=[NH2+],O=S(=O)([O-])c1ccc(cc1)c1ccc(cc1)S(=O)(=O)[O-],Clc1ccc(Cl)cc1
554,NC(N)=[NH2+],O=S(=O)([O-])c1ccc(cc1)c1ccc(cc1)S(=O)(=O)[O-],Cc1ccccc1C
555,NC(N)=[NH2+],O=S(=O)([O-])c1ccc(cc1)c1ccc(cc1)S(=O)(=O)[O-],Clc1ccccc1Cl
556,NC(N)=[NH2+],O=S(=O)([O-])c1ccc(cc1)c1ccc(cc1)S(=O)(=O)[O-],Brc1ccccc1Br
557,NC(N)=[NH2+],O=S(=O)([O-])c1ccc(cc1)c1ccc(cc1)S(=O)(=O)[O-],Brc1cccc(Br)c1
558,CCC1=C(CC)C2=CC3=[NH+]C(=CC4=C(C)c5ccc6C(=C(Nc6c5N4)C=C4NC(=CC1=[NH+]2)C(=C4C)C)C)C(=C3C)C,Cc1ccc(cc1)S(=O)(=O)[O-],ClC(Cl)Cl
559,[NH3+]CCCOCCCCOCCC[NH3+],O=S(=O)([O-])c1cc(c2ccc3c4c(ccc1c24)c(cc3S(=O)(=O)[O-])S(=O)(=O)[O-])S(=O)(=O)[O-],NC(N)=[NH2+]
560,[nH+]1ccc(cc1)C=Cc1ccncc1,O=C([O-])c1ccc(cc1)S(=O)(=O)[O-],O
561,[NH3+]C(c1ccccc1)(c1ccccc1)c1ccccc1,O=S(=O)([O-])c1cccc2ccccc12,COc1ccccc1
562,[NH3+]C(c1ccccc1)(c1ccccc1)c1ccccc1,O=S(=O)([O-])c1cccc2ccccc12,COc1ccccc1
563,N1C=[NH+]c2ccccc12,OC(=O)c1cc(ccc1O)S(=O)(=O)[O-],O
564,[NH3+]C(c1ccccc1)(c1ccccc1)c1ccccc1,O=S(=O)([O-])c1cccc2c1cccc2S(=O)(=O)[O-],CS(C)=O
565,[NH3+]C(c1ccccc1)(c1ccccc1)c1ccccc1,O=S(=O)([O-])c1cccc2c1cccc2S(=O)(=O)[O-],O
566,[NH3+]C(c1ccccc1)(c1ccccc1)c1ccccc1,O=S(=O)([O-])c1cccc2c1cccc2S(=O)(=O)[O-],O
567,[NH3+]C(c1ccccc1)(c1ccccc1)c1ccccc1,O=S(=O)([O-])c1cccc2c1cccc2S(=O)(=O)[O-],NC(c1ccccc1)(c1ccccc1)c1ccccc1
568,[NH3+]C(c1ccccc1)(c1ccccc1)c1ccccc1,O=S(=O)([O-])c1cccc2c1cccc2S(=O)(=O)[O-],CO
569,[NH3+]C(c1ccccc1)(c1ccccc1)c1ccccc1,O=S(=O)([O-])c1cccc2c1cccc2S(=O)(=O)[O-],CCO
570,[NH3+]C(c1ccccc1)(c1ccccc1)c1ccccc1,O=S(=O)([O-])c1cccc2c1cccc2S(=O)(=O)[O-],CCCO
571,[NH3+]C(c1ccccc1)(c1ccccc1)c1ccccc1,O=S(=O)([O-])c1cccc2c1cccc2S(=O)(=O)[O-],CCCCO
572,[NH3+]C(c1ccccc1)(c1ccccc1)c1ccccc1,O=S(=O)([O-])c1cccc2c1cccc2S(=O)(=O)[O-],CCCCCO
573,[NH3+]C(c1ccccc1)(c1ccccc1)c1ccccc1,O=S(=O)([O-])c1cccc2c1cccc2S(=O)(=O)[O-],CN(C)C=O
574,[NH3+]CCCCCCCCCC[NH3+],O=S(=O)([O-])c1cc(c2ccc3c4c(ccc1c24)c(cc3S(=O)(=O)[O-])S(=O)(=O)[O-])S(=O)(=O)[O-],O
575,[NH3+]CCCCCCCCCC[NH3+],O=S(=O)([O-])c1cc(c2ccc3c4c(ccc1c24)c(cc3S(=O)(=O)[O-])S(=O)(=O)[O-])S(=O)(=O)[O-],O
576,[NH3+]CCCCCCCCCC[NH3+],O=S(=O)([O-])c1cc(c2ccc3c4c(ccc1c24)c(cc3S(=O)(=O)[O-])S(=O)(=O)[O-])S(=O)(=O)[O-],O
577,CC1C[NH2+]CCC1,O=S(=O)([O-])c1cccc2c1cccc2S(=O)(=O)[O-],NC(N)=[NH2+]
578,[NH3+]C(C)c1ccccc1,O=S(=O)([O-])c1cccc2c1cccc2S(=O)(=O)[O-],O
579,[NH3+]C(C)c1ccccc1,O=S(=O)([O-])c1cccc2c1cccc2S(=O)(=O)[O-],O
580,[NH3+]C(C)c1ccccc1,O=S(=O)([O-])c1ccc2ccc3cccc4ccc1c2c34,O
581,Nc1[nH+]cccc1N,OC(=O)c1cc(ccc1O)S(=O)(=O)[O-],O
582,[NH2+]1CCN2CC[NH2+]Cc3ccc(C[NH2+]CCN(CC[NH2+]Cc4ccc(C1)cc4)CC[NH2+]Cc1ccc(C[NH2+]CC2)cc1)cc3,Cc1ccc(cc1)S(=O)(=O)[O-],O
583,[NH2+]1CCN2CC[NH2+]Cc3ccc(C[NH2+]CCN(CC[NH2+]Cc4ccc(C1)cc4)CC[NH2+]Cc1ccc(C[NH2+]CC2)cc1)cc3,Cc1ccc(cc1)S(=O)(=O)[O-],O
584,NC(N)=[NH2+],O=S(=O)([O-])c1cccc2c1cccc2S(=O)(=O)[O-],C1COCCOCCOCCOCCOCCO1
585,C[NH2+]C,O=S(=O)([O-])c1cccc2c1cccc2S(=O)(=O)[O-],NC(N)=[NH2+]
586,C[NH2+]C,O=S(=O)([O-])c1cccc2c1cccc2S(=O)(=O)[O-],NC(N)=[NH2+]
587,[NH2+]1CC[NH2+]CCC[NH2+]CC[NH2+]CCC1,Oc1c2Cc3cc(cc(Cc4cc(cc(Cc5cc(cc(Cc1cc(c2)S(=O)(=O)[O-])c5O)S(=O)(=O)[O-])c4O)S(=O)(=O)[O-])c3O)S(=O)(=O)[O-],O
588,C[n+]1ccc(N)cc1,Cc1ccc(cc1)S(=O)(=O)[O-],Oc1ccc(cc1)c1ccc(O)cc1
589,C[n+]1ccc(N)cc1,Cc1ccc(cc1)S(=O)(=O)[O-],Oc1ccc2ccccc2c1c1c(O)ccc2ccccc12
590,NC(N)=[NH2+],O=S(=O)([O-])c1ccc(CCc2ccc(cc2)S(=O)(=O)[O-])cc1,O=C1OC(C(CCc2ccccc2)c2ccccc12)N(=O)=O
591,CN1N(C(=O)C(=C1C)C(=O)Nc1ccc(Oc2cc[nH+]c3NC=C(c4ccccc4)c23)c(F)c1)c1ccc(F)cc1,CC1(C)C2CCC1(CS(=O)(=O)[O-])C(=O)C2,CC#N
592,[NH3+]C(C([NH3+])c1ccccc1C)c1ccccc1C,CC1(C)C2CCC1(CS(=O)(=O)[O-])C(=O)C2,c1ccccc1
593,C(Cc1cc[nH+]cc1)Cc1cc[nH+]cc1,OC(=O)c1cc(ccc1O)S(=O)(=O)[O-],O
594,N1C=[NH+]c2ccccc12,O=S(=O)([O-])c1cccc2c1cccc2S(=O)(=O)[O-],O
595,Cc1[nH+]c(N)nc(C)c1,Oc1ccc(cc1C(=O)[O-])S(=O)(=O)[O-],O
596,CN1CC[NH2+]Cc2ccc(C[NH2+]CCN(C)CC[NH2+]Cc3ccc(C[NH2+]CC1)cc3)cc2,Cc1ccc(cc1)S(=O)(=O)[O-],O
597,C(N1C=[NH+]C=C1)N1C=[NH+]C=C1,O=S(=O)([O-])c1cccc2c1cccc2S(=O)(=O)[O-],CC#N
598,C(CCN1C=[NH+]C=C1)CN1C=[NH+]C=C1,O=S(=O)([O-])c1cccc2c1cccc2S(=O)(=O)[O-],O
599,[nH+]1ccccc1,O=S(=O)([O-])c1cccc2c1cccc2S(=O)(=O)[O-],O
600,[NH3+]CCCN,O=S(=O)([O-])c1cccc2c1cccc2S(=O)(=O)[O-],O
601,[NH2+]1CC[NH2+]CCC[NH2+]CC[NH2+]CCC1,Cc1ccc(cc1)S(=O)(=O)[O-],O
602,[NH2+](C1CCCCC1)C1CCCCC1,OC(=O)c1ccccc1S(=O)(=O)[O-],O
603,C1C[NH+]=C(CC2=[NH+]CCN2)N1,Cc1ccc(cc1)S(=O)(=O)[O-],O
604,[NH3+]c1ccccc1[NH3+],Cc1ccc(cc1)S(=O)(=O)[O-],[NH3+]c1ccccc1N
605,C1[NH+](CC2C[NH+](CC1C2)C(c1ccccc1)c1ccccc1)C(c1ccccc1)c1ccccc1,Cc1ccc(cc1)S(=O)(=O)[O-],CC(C)=O
606,CN(C)c1cc[nH+]cc1,OC(=O)c1cc(ccc1O)S(=O)(=O)[O-],O
